param,name,side
p_110131_1_,stack,2
p_110146_1_,yaw,2
p_110146_2_,distance,2
p_110198_1_,increment,2
p_110201_1_,partialTicks,2
p_110208_1_,key,2
p_110208_2_,value,2
p_110216_1_,heart,2
p_110223_1_,partialTicks,2
p_110227_1_,value,2
p_110233_1_,key,2
p_110258_1_,partialTicks,2
p_110430_1_,strafe,2
p_110430_2_,forward,2
p_110430_3_,jumping,2
p_110468_1_,frame,0
p_110470_1_,frame,0
p_110472_1_,frame,0
p_110492_1_,frame,0
p_110492_2_,element,0
p_110526_1_,sectionName,0
p_110595_0_,parent,0
p_110595_1_,file,0
p_110596_0_,metadataSerializer,0
p_110596_1_,input,0
p_110596_2_,sectionName,0
p_110667_1_,entities,2
p_110668_10_,maxX,2
p_110668_12_,maxZ,2
p_110668_14_,positions,2
p_110668_15_,respectTeams,2
p_110668_1_,position,2
p_110668_2_,distance,2
p_110668_5_,random,2
p_110668_6_,minX,2
p_110668_8_,minZ,2
p_110669_1_,sender,2
p_110669_2_,entities,2
p_110669_3_,pos,2
p_110669_4_,spreadDistance,2
p_110669_6_,maxRange,2
p_110669_9_,respectTeams,2
p_110670_1_,random,2
p_110670_2_,teamsSize,2
p_110670_3_,minX,2
p_110670_5_,minZ,2
p_110670_7_,maxX,2
p_110670_9_,maxZ,2
p_110671_1_,entities,2
p_110671_3_,positions,2
p_110671_4_,respectTeams,2
p_110682_1_,renderer,0
p_110682_2_,rotateAngleX,0
p_110682_3_,rotateAngleY,0
p_110682_4_,rotateAngleZ,0
p_110683_1_,prevYaw,0
p_110683_2_,yaw,0
p_110683_3_,partialTicks,0
p_110934_1_,textureAtlas,0
p_110985_0_,data,0
p_110987_0_,textureId,0
p_110987_1_,texture,0
p_110988_1_,textureData,0
p_110988_2_,width,0
p_110988_3_,height,0
p_110989_0_,textureId,0
p_110989_1_,texture,0
p_110989_2_,blur,0
p_110989_3_,clamp,0
p_110990_0_,data,0
p_110990_1_,length,0
p_110991_0_,textureId,0
p_110991_1_,width,0
p_110991_2_,height,0
p_110993_0_,buffer,0
p_110993_1_,x,0
p_110993_2_,y,0
p_110993_3_,blur,0
p_110993_4_,clamp,0
p_110994_0_,data,0
p_110994_1_,start,0
p_110994_2_,length,0
p_110995_1_,buffer,0
p_110995_2_,x,0
p_110995_3_,y,0
p_110995_4_,blur,0
p_110995_5_,clamp,0
p_110997_0_,clamp,0
p_111093_1_,minX,2
p_111093_3_,minZ,2
p_111093_5_,maxX,2
p_111093_7_,maxZ,2
p_111094_1_,pos,2
p_111097_1_,rand,2
p_111097_2_,minX,2
p_111097_4_,minZ,2
p_111097_6_,maxX,2
p_111097_8_,maxZ,2
p_111099_1_,pos,2
p_111109_1_,value,2
p_111183_1_,amplifier,2
p_111184_1_,attribute,2
p_111184_2_,uniqueId,2
p_111184_3_,ammount,2
p_111184_5_,operation,2
p_111185_2_,attributeMapIn,2
p_111187_2_,attributeMapIn,2
p_130072_1_,frame,0
p_135063_0_,stringMap,2
p_142017_1_,distance,2
p_142018_1_,target,2
p_142018_2_,owner,2
p_145754_1_,name,2
p_145757_1_,buf,0
p_145806_1_,hurtEntitiesIn,2
p_145863_1_,progress,2
p_145863_2_,distance,2
p_145891_0_,hopper,2
p_145898_0_,source,2
p_145951_1_,name,2
p_145952_0_,stack,2
p_145954_0_,stack,2
p_145971_1_,player,2
p_145995_1_,outputSignalIn,2
p_146030_4_,empty,2
p_146035_1_,motionX,2
p_146035_3_,motionY,2
p_146035_5_,motionZ,2
p_146035_7_,velocity,2
p_146035_8_,randomMultiplier,2
p_146065_1_,entityIn,2
p_146065_2_,drop,2
p_146085_0_,item,2
p_146140_1_,selectedIn,0
p_146160_2_,mouseX,0
p_146160_3_,mouseY,0
p_146175_1_,num,0
p_146177_1_,num,0
p_146180_1_,textIn,0
p_146182_1_,num,0
p_146183_1_,n,0
p_146183_2_,pos,0
p_146184_1_,enabled,0
p_146185_1_,enableBackgroundDrawingIn,0
p_146187_1_,numWords,0
p_146188_1_,startX,0
p_146188_2_,startY,0
p_146188_3_,endX,0
p_146188_4_,endY,0
p_146189_1_,isVisible,0
p_146190_1_,pos,0
p_146191_1_,textToWrite,0
p_146192_1_,mouseX,0
p_146192_2_,mouseY,0
p_146192_3_,mouseButton,0
p_146193_1_,color,0
p_146195_1_,isFocusedIn,0
p_146197_1_,n,0
p_146197_2_,pos,0
p_146197_3_,skipWs,0
p_146199_1_,position,0
p_146201_1_,typedChar,0
p_146201_2_,keyCode,0
p_146203_1_,length,0
p_146204_1_,color,0
p_146205_1_,canLoseFocusIn,0
p_146350_1_,ticksUntilEnableIn,0
p_146383_1_,preset,0
p_146405_1_,text,0
p_146405_2_,ignored,0
p_146406_1_,suggestions,0
p_146421_0_,name,0
p_146421_1_,icon,0
p_146421_2_,biome,0
p_146421_3_,features,0
p_146421_4_,layers,0
p_146425_0_,name,0
p_146425_1_,icon,0
p_146425_2_,biome,0
p_146425_3_,layers,0
p_146457_1_,text,0
p_146459_1_,text,0
p_146460_1_,typedChar,0
p_146460_2_,keyCode,0
p_146504_1_,category,0
p_146521_1_,x,0
p_146521_2_,y,0
p_146521_3_,itemIn,0
p_146527_1_,x,0
p_146527_2_,y,0
p_146527_3_,u,0
p_146527_4_,v,0
p_146531_1_,x,0
p_146531_2_,y,0
p_146552_1_,mouseX,0
p_146552_2_,mouseY,0
p_146552_3_,partialTicks,0
p_146575_1_,mouseX,0
p_146575_2_,mouseY,0
p_146575_3_,partialTicks,0
p_146614_1_,index,0
p_146615_1_,index,0
p_146621_1_,index,0
p_146793_1_,hoverText,0
p_146961_1_,resourcePackEntry,0
p_146962_1_,resourcePackEntry,0
p_147049_1_,tab,0
p_147049_2_,mouseX,0
p_147049_3_,mouseY,0
p_147050_1_,tab,0
p_147051_1_,tab,0
p_147052_1_,tab,0
p_147052_2_,mouseX,0
p_147052_3_,mouseY,0
p_147097_1_,tileEntity,2
p_147176_3_,selector,2
p_147178_2_,index,2
p_147184_1_,readOnly,2
p_147186_1_,sender,2
p_147186_2_,args,2
p_147186_3_,index,2
p_147187_1_,sender,2
p_147187_2_,args,2
p_147187_3_,index,2
p_147188_1_,sender,2
p_147188_2_,args,2
p_147188_3_,index,2
p_147190_1_,sender,2
p_147190_2_,args,2
p_147190_3_,index,2
p_147191_1_,sender,2
p_147191_2_,objectiveName,2
p_147194_1_,sender,2
p_147194_2_,args,2
p_147194_3_,index,2
p_147195_1_,sender,2
p_147195_2_,args,2
p_147195_3_,index,2
p_147196_1_,sender,2
p_147197_1_,sender,2
p_147197_2_,args,2
p_147197_3_,index,2
p_147198_1_,sender,2
p_147198_2_,args,2
p_147198_3_,index,2
p_147199_1_,sender,2
p_147199_2_,args,2
p_147199_3_,index,2
p_147202_1_,indent,2
p_147202_2_,section,2
p_147297_1_,packetIn,0
p_147414_0_,server,0
p_147467_1_,x,0
p_147467_2_,z,0
p_147525_1_,value1,0
p_147525_2_,value2,0
p_147525_3_,value3,0
p_147525_4_,value4,0
p_147604_1_,red,0
p_147604_2_,green,0
p_147604_3_,blue,0
p_147604_4_,alpha,0
p_147607_1_,framebufferFilterIn,0
p_147610_1_,viewport,0
p_147615_1_,width,0
p_147615_2_,height,0
p_147634_2_,mipmapLevel,0
p_147683_1_,soundIn,0
p_147691_2_,partialTicks,0
p_147943_0_,color1,0
p_147943_1_,color2,0
p_147943_2_,color3,0
p_147943_3_,color4,0
p_147943_4_,ignored,0
p_147944_0_,color1,0
p_147944_1_,color2,0
p_147944_2_,color3,0
p_147944_3_,color4,0
p_147944_4_,shift,0
p_147947_0_,level,0
p_147947_1_,data,0
p_147947_2_,width,0
p_147947_3_,height,0
p_147947_4_,x,0
p_147947_5_,y,0
p_147947_6_,blur,0
p_147947_7_,clamp,0
p_147947_8_,mipmap,0
p_147949_0_,level,0
p_147949_1_,width,0
p_147949_2_,frameData,0
p_147951_0_,blur,0
p_147953_0_,data,0
p_147953_1_,width,0
p_147953_2_,height,0
p_147954_0_,blur,0
p_147954_1_,mipmap,0
p_147955_0_,mipmapData,0
p_147955_1_,width,0
p_147955_2_,height,0
p_147955_3_,x,0
p_147955_4_,y,0
p_147955_5_,blur,0
p_147955_6_,clamp,0
p_147962_3_,frameIndex,0
p_147969_0_,dimensionIn,0
p_147969_1_,mipmapLevelIn,0
p_147984_1_,name,0
p_147987_1_,element,0
p_147991_1_,name,0
p_147992_1_,name,0
p_147992_2_,samplerTexture,0
p_147996_1_,element,0
p_148017_1_,json,0
p_148020_1_,name,0
p_148020_2_,width,0
p_148020_3_,height,0
p_148023_1_,programName,0
p_148023_2_,framebufferIn,0
p_148023_3_,framebufferOut,0
p_148027_1_,json,0
p_148028_1_,json,0
p_148041_1_,auxName,0
p_148041_2_,auxFramebufferIn,0
p_148041_3_,width,0
p_148041_4_,height,0
p_148042_1_,partialTicks,0
p_148045_1_,projectionMatrixIn,0
p_148077_1_,manager,0
p_148081_1_,value1,0
p_148081_2_,value2,0
p_148081_3_,value3,0
p_148081_4_,value4,0
p_148083_1_,value1,0
p_148083_2_,value2,0
p_148083_3_,value3,0
p_148083_4_,value4,0
p_148084_1_,uniformLocationIn,0
p_148085_0_,typeName,0
p_148087_1_,value1,0
p_148087_2_,value2,0
p_148088_1_,matrix,0
p_148090_1_,value1,0
p_148092_1_,value1,0
p_148092_2_,value2,0
p_148092_3_,value3,0
p_148092_4_,value4,0
p_148094_10_,m21,0
p_148094_11_,m22,0
p_148094_12_,m23,0
p_148094_13_,m30,0
p_148094_14_,m31,0
p_148094_15_,m32,0
p_148094_16_,m33,0
p_148094_1_,m00,0
p_148094_2_,m01,0
p_148094_3_,m02,0
p_148094_4_,m03,0
p_148094_5_,m10,0
p_148094_6_,m11,0
p_148094_7_,m12,0
p_148094_8_,m13,0
p_148094_9_,m20,0
p_148095_1_,value1,0
p_148095_2_,value2,0
p_148095_3_,value3,0
p_148097_1_,values,0
p_148107_0_,factorName,0
p_148108_0_,funcName,0
p_148110_0_,json,0
p_148120_1_,insideLeft,0
p_148120_2_,insideTop,0
p_148124_1_,posX,0
p_148124_2_,posY,0
p_148128_3_,partialTicks,0
p_148129_1_,insideLeft,0
p_148129_2_,insideTop,0
p_148129_3_,tessellatorIn,0
p_148132_1_,mouseX,0
p_148132_2_,mouseY,0
p_148141_1_,mouseY,0
p_148142_1_,mouseXIn,0
p_148142_2_,mouseYIn,0
p_148171_1_,x,0
p_148171_2_,y,0
p_148171_3_,x2,0
p_148171_4_,y2,0
p_148173_1_,x,0
p_148173_2_,y,0
p_148181_1_,x,0
p_148181_2_,y,0
p_148181_3_,mouseEvent,0
p_148182_2_,width,0
p_148182_3_,height,0
p_148182_4_,options,0
p_148194_1_,lanServers,0
p_148195_1_,list,0
p_148209_1_,stat,0
p_148209_2_,x,0
p_148209_3_,y,0
p_148209_4_,evenSlot,0
p_148210_1_,state,0
p_148211_1_,index,0
p_148212_1_,headerIndex,0
p_148213_1_,statCraft,0
p_148213_2_,mouseX,0
p_148213_3_,mouseY,0
p_148224_1_,x,0
p_148224_2_,z,0
p_148224_3_,textureX,0
p_148224_4_,textureY,0
p_148225_1_,x,0
p_148225_2_,z,0
p_148225_3_,itemToDraw,0
p_148226_1_,x,0
p_148226_2_,y,0
p_148250_2_,noOverlayRendering,0
p_148278_2_,mouseX,0
p_148278_3_,mouseY,0
p_148278_4_,mouseEvent,0
p_148278_5_,relativeX,0
p_148278_6_,relativeY,0
p_148329_1_,pos,0
p_148543_11_,packetIn,2
p_148543_1_,except,2
p_148572_1_,value,2
p_148580_0_,type,0
p_148612_0_,resource,0
p_148615_2_,partialTicks,0
p_148762_1_,registry,0
p_149002_1_,dataIn,0
p_149253_1_,i,2
p_149255_1_,i,2
p_149256_1_,i,2
p_150154_1_,layerCount,2
p_150310_0_,str,2
p_150311_0_,str,2
p_150311_1_,isArray,2
p_150312_0_,str,2
p_150312_1_,targetChar,2
p_150313_0_,str,2
p_150313_1_,isArray,2
p_150314_0_,str,2
p_150314_1_,isCompound,2
p_150316_0_,key,2
p_150316_1_,value,2
p_150523_1_,blockType,2
p_150526_2_,x,2
p_150526_3_,y,2
p_150526_4_,z,2
p_150533_1_,rand,2
p_150541_2_,x,2
p_150541_3_,z,2
p_150541_4_,y,2
p_150541_5_,height,2
p_150541_6_,rand,2
p_150557_2_,colorAdjusted,2
p_150563_1_,waterColor,2
p_150619_1_,seed,2
p_150633_1_,biome,2
p_150645_1_,rail,2
p_150653_1_,rail,2
p_150663_0_,tag,2
p_150663_1_,output,2
p_150803_1_,onlyOne,2
p_150804_1_,skipRecheckGaps,2
p_150857_1_,blockIn,2
p_150870_1_,stat,2
p_150872_1_,stat,2
p_150872_2_,value,2
p_150873_3_,achievementValue,2
p_150874_1_,achievementIn,0
p_150876_1_,player,2
p_150880_0_,statMap,2
p_150881_1_,jsonString,2
p_150953_1_,clazz,2
p_151177_0_,statName,2
p_151180_1_,block1,2
p_151180_2_,block2,2
p_151200_0_,json,2
p_151200_1_,memberName,2
p_151201_0_,json,2
p_151201_1_,memberName,2
p_151202_0_,json,2
p_151202_1_,memberName,2
p_151203_0_,json,2
p_151203_1_,memberName,2
p_151204_0_,json,2
p_151204_1_,memberName,2
p_151205_0_,json,2
p_151205_1_,memberName,2
p_151206_0_,json,2
p_151206_1_,memberName,2
p_151207_0_,json,2
p_151207_1_,memberName,2
p_151208_0_,json,2
p_151208_1_,memberName,2
p_151208_2_,fallback,2
p_151209_0_,json,2
p_151209_1_,memberName,2
p_151209_2_,fallback,2
p_151210_0_,json,2
p_151210_1_,memberName,2
p_151211_0_,json,0
p_151212_0_,json,0
p_151212_1_,memberName,0
p_151213_0_,json,0
p_151213_1_,memberName,0
p_151213_2_,fallback,0
p_151214_0_,json,2
p_151214_1_,memberName,2
p_151215_0_,json,2
p_151215_1_,memberName,2
p_151216_0_,json,2
p_151216_1_,memberName,2
p_151217_0_,json,2
p_151217_1_,memberName,2
p_151218_0_,json,0
p_151218_1_,memberName,0
p_151218_2_,fallback,0
p_151219_0_,json,0
p_151219_1_,memberName,0
p_151219_2_,fallback,0
p_151220_0_,json,2
p_151220_1_,memberName,2
p_151221_0_,json,2
p_151221_1_,memberName,2
p_151221_2_,fallback,2
p_151222_0_,json,2
p_151232_1_,objectIn,2
p_151240_0_,random,2
p_151240_1_,minimum,2
p_151240_2_,maximum,2
p_151247_2_,packetIn,2
p_151248_2_,packetIn,2
p_151373_1_,key,0
p_151379_0_,exception,0
p_151380_1_,key,0
p_151381_1_,filenameIn,0
p_151384_0_,user,2
p_151384_1_,attacker,2
p_151385_0_,user,2
p_151385_1_,target,2
p_151523_0_,id,2
p_151599_10_,scaleY,2
p_151599_12_,persistence,2
p_151599_1_,regionData,2
p_151599_2_,x,2
p_151599_4_,y,2
p_151599_6_,width,2
p_151599_7_,height,2
p_151599_8_,scaleX,2
p_151600_10_,scaleY,2
p_151600_12_,persistence,2
p_151600_14_,frequency,2
p_151600_1_,regionData,2
p_151600_2_,x,2
p_151600_4_,y,2
p_151600_6_,width,2
p_151600_7_,height,2
p_151600_8_,scaleX,2
p_151601_1_,x,2
p_151601_3_,z,2
p_151604_0_,u,2
p_151604_1_,vX,2
p_151604_3_,vY,2
p_151605_1_,x,2
p_151605_3_,y,2
p_151606_10_,height,2
p_151606_12_,amplitude,2
p_151606_1_,targetArray,2
p_151606_2_,x,2
p_151606_4_,y,2
p_151606_6_,width,2
p_151606_7_,xSize,2
p_151606_8_,ySize,2
p_151607_0_,value,2
p_151617_1_,value1,2
p_151617_2_,value2,2
p_151617_3_,value3,2
p_151617_4_,value4,2
p_151618_0_,id,2
p_151619_1_,values,2
p_151624_1_,x,2
p_151624_2_,z,2
p_151624_3_,width,2
p_151624_4_,height,2
p_151625_1_,x,2
p_151625_2_,z,2
p_151625_3_,width,2
p_151625_4_,height,2
p_151626_1_,x,2
p_151626_2_,z,2
p_151626_3_,width,2
p_151626_4_,height,2
p_151630_1_,value,2
p_151631_1_,biomeId,2
p_151632_1_,source,2
p_151632_2_,target,2
p_151632_3_,x,2
p_151632_4_,z,2
p_151632_5_,width,2
p_151632_6_,height,2
p_151632_7_,currentId,2
p_151633_1_,biomeId,2
p_151634_1_,biomeId1,2
p_151634_2_,biomeId2,2
p_151635_1_,biomeArr,2
p_151635_2_,targetArr,2
p_151635_3_,currentId,2
p_151635_4_,targetId,2
p_151635_5_,width,2
p_151635_6_,height,2
p_151635_7_,newId,2
p_151635_8_,fallbackId,2
p_151636_1_,biomeArr,2
p_151636_2_,targetArr,2
p_151636_3_,currentId,2
p_151636_4_,targetId,2
p_151636_5_,width,2
p_151636_6_,height,2
p_151636_7_,newId,2
p_151636_8_,fallbackId,2
p_151643_1_,index,0
p_151686_2_,stack,2
p_152339_1_,entityIn,2
p_152374_2_,flags,2
p_152377_0_,stack,2
p_152377_1_,creatureAttribute,2
p_152455_0_,input,2
p_152455_1_,depth,2
p_152455_2_,accounter,2
p_152456_0_,input,2
p_152456_1_,accounter,2
p_152604_1_,gameModeIn,0
p_152643_0_,jsonObj,2
p_152719_0_,name,2
p_152757_1_,item,2
p_152764_1_,manager,0
p_152764_2_,json,0
p_152765_1_,manager,0
p_152765_2_,texture,0
p_152789_2_,textureType,0
p_152792_2_,textureType,0
p_153164_0_,program,0
p_153164_1_,name,0
p_153180_0_,shaderIn,0
p_154354_0_,number,2
p_154354_1_,interval,2
p_174816_5_,ignored,2
p_174858_1_,value,2
p_174864_1_,stack,2
p_174864_2_,update,2
p_174865_1_,rotationIn,2
p_174865_2_,update,2
p_174899_1_,displayTile,2
p_174903_0_,inventory,0
p_174936_1_,blurIn,0
p_174936_2_,mipmapIn,0
p_174937_1_,blurIn,0
p_174937_2_,mipmapIn,0
p_174943_2_,iconCreatorIn,0
p_175021_1_,block,0
p_175021_2_,ignored,0
p_175102_1_,uniqueId,0
p_175104_1_,name,0
p_175108_2_,posIn,2
p_175137_1_,entity,2
p_175139_1_,bedDirection,2
p_175145_1_,stat,2
p_175148_1_,part,0
p_175151_1_,pos,2
p_175151_2_,facing,2
p_175151_3_,stack,2
p_175173_1_,containerIn,2
p_175173_2_,inventory,2
p_175202_1_,id,0
p_175207_1_,guiResponderIn,0
p_175212_1_,valueIn,0
p_175218_1_,value,0
p_175218_2_,notifyResponder,0
p_175219_1_,position,0
p_175229_1_,lockedIn,0
p_175245_1_,width,0
p_175245_2_,x,0
p_175245_3_,y,0
p_175247_1_,objective,0
p_175247_2_,y,0
p_175247_3_,name,0
p_175247_4_,startX,0
p_175247_5_,endX,0
p_175247_6_,info,0
p_175257_1_,menu,0
p_175258_1_,sc,0
p_175258_2_,alpha,0
p_175258_3_,x,0
p_175258_4_,y,0
p_175258_5_,details,0
p_175259_1_,increment,0
p_175260_1_,index,0
p_175263_1_,sc,0
p_175264_1_,sc,0
p_175264_2_,ignored,0
p_175266_1_,index,0
p_175266_2_,x,0
p_175266_3_,y,0
p_175266_4_,alpha,0
p_175266_5_,menu,0
p_175319_1_,id,0
p_175319_2_,value,0
p_175321_1_,id,0
p_175321_2_,value,0
p_175322_1_,confirmModeIn,0
p_175324_1_,jsonText,0
p_175327_1_,value,0
p_175329_1_,visible,0
p_175330_1_,id,0
p_175330_2_,value,0
p_175354_0_,name,0
p_175354_1_,icon,0
p_175354_2_,iconMetadata,0
p_175354_3_,biome,0
p_175354_4_,features,0
p_175354_5_,layers,0
p_175355_1_,difficulty,0
p_175371_1_,blockIn,0
p_175385_1_,mouseX,0
p_175385_2_,mouseY,0
p_175391_1_,serverList,0
p_175391_2_,index,0
p_175391_3_,shiftDown,0
p_175392_1_,serverList,0
p_175392_2_,index,0
p_175393_1_,serverList,0
p_175393_2_,index,0
p_175393_3_,shiftDown,0
p_175394_1_,serverList,0
p_175394_2_,index,0
p_175405_1_,vec,2
p_175406_1_,damage,2
p_175413_1_,showArms,2
p_175415_1_,vec,2
p_175417_1_,vec,2
p_175420_1_,small,2
p_175422_1_,player,2
p_175422_2_,slot,2
p_175424_1_,vec,2
p_175425_1_,noGravity,2
p_175426_1_,noBasePlate,2
p_175427_1_,vec,2
p_175428_1_,vec,2
p_175451_1_,entityIn,2
p_175469_1_,partialTicks,2
p_175471_1_,partialTicks,2
p_175476_1_,moving,2
p_175477_1_,partialTicks,2
p_175501_1_,growthSeconds,2
p_175501_2_,updateForcedAge,2
p_175521_1_,ticks,2
p_175569_1_,calendar,2
p_175628_1_,type,0
p_175629_1_,type,0
p_175630_1_,pos,0
p_175669_1_,id,2
p_175669_3_,data,2
p_175682_15_,parameters,0
p_175682_2_,ignoreRange,0
p_175688_14_,parameters,2
p_175712_2_,remove,2
p_175716_3_,placingBlock,2
p_175718_1_,type,2
p_175718_3_,data,2
p_175720_15_,parameters,2
p_175720_2_,ignoreRange,2
p_175744_0_,index,2
p_175745_0_,string,2
p_175758_0_,sender,2
p_175758_1_,name,2
p_175759_1_,name,2
p_175759_2_,clazz,2
p_175762_0_,inputArgs,2
p_175762_1_,possibleCompletions,2
p_175763_0_,sender,2
p_175763_1_,name,2
p_175767_0_,base,2
p_175767_2_,selectorArg,2
p_175768_0_,sender,2
p_175768_1_,name,2
p_175770_2_,selectorArg,2
p_175771_0_,inputArgs,2
p_175771_1_,index,2
p_175771_2_,pos,2
p_175773_1_,ruleName,2
p_175778_1_,sender,2
p_175778_2_,args,2
p_175778_3_,index,2
p_175779_1_,sender,2
p_175779_2_,args,2
p_175779_3_,index,2
p_175780_1_,sender,2
p_175780_2_,args,2
p_175781_1_,sender,2
p_175781_2_,args,2
p_175781_3_,index,2
p_175789_2_,random,2
p_175789_3_,chunkX,2
p_175789_4_,chunkZ,2
p_175793_1_,state,2
p_175793_2_,downState,2
p_175798_1_,pos,2
p_175805_13_,excludeAir,2
p_175814_0_,structureComponents,2
p_175817_2_,boundingBox,2
p_175817_3_,x,2
p_175817_4_,y,2
p_175817_5_,z,2
p_175818_1_,boundingBox,2
p_175818_2_,x1,2
p_175818_3_,z1,2
p_175818_4_,x2,2
p_175818_5_,z2,2
p_175819_2_,boundingBox,2
p_175819_3_,minX,2
p_175819_4_,minY,2
p_175819_5_,minZ,2
p_175819_6_,maxX,2
p_175819_7_,maxY,2
p_175819_8_,maxZ,2
p_175819_9_,state,2
p_175820_0_,x,2
p_175820_1_,y,2
p_175820_2_,z,2
p_175821_2_,boundingBox,2
p_175821_3_,x,2
p_175821_4_,z,2
p_175821_5_,hasOpeningDownwards,2
p_175835_2_,rand,2
p_175835_3_,boundingBox,2
p_175836_1_,rand,2
p_175837_2_,rand,2
p_175837_3_,boundingBox,2
p_175838_2_,rand,2
p_175838_3_,boundingBox,2
p_175839_2_,rand,2
p_175839_3_,boundingBox,2
p_175840_1_,isLeftWing,2
p_175840_2_,x,2
p_175840_4_,rand,2
p_175840_5_,boundingBox,2
p_175841_2_,rand,2
p_175841_3_,boundingBox,2
p_175842_2_,rand,2
p_175842_3_,boundingBox,2
p_175846_1_,isInDesert,2
p_175847_1_,blockstateIn,2
p_175848_1_,listIn,2
p_175848_3_,x,2
p_175848_4_,y,2
p_175848_5_,z,2
p_175849_1_,listIn,2
p_175849_3_,x,2
p_175849_4_,y,2
p_175849_5_,z,2
p_175849_7_,type,2
p_175850_1_,listIn,2
p_175850_3_,x,2
p_175850_4_,y,2
p_175850_5_,z,2
p_175850_7_,type,2
p_175851_1_,listIn,2
p_175851_3_,x,2
p_175851_4_,y,2
p_175851_5_,z,2
p_175851_7_,type,2
p_175852_1_,listIn,2
p_175852_3_,x,2
p_175852_4_,y,2
p_175852_5_,z,2
p_175852_7_,type,2
p_175853_1_,listIn,2
p_175853_3_,x,2
p_175853_4_,y,2
p_175853_5_,z,2
p_175853_7_,type,2
p_175854_1_,listIn,2
p_175854_3_,x,2
p_175854_4_,y,2
p_175854_5_,z,2
p_175854_7_,type,2
p_175855_1_,listIn,2
p_175855_3_,x,2
p_175855_4_,y,2
p_175855_5_,z,2
p_175855_7_,type,2
p_175856_1_,listIn,2
p_175856_3_,x,2
p_175856_4_,y,2
p_175856_5_,z,2
p_175857_1_,listIn,2
p_175857_3_,x,2
p_175857_4_,y,2
p_175857_5_,z,2
p_175857_7_,type,2
p_175858_1_,listIn,2
p_175858_3_,x,2
p_175858_4_,y,2
p_175858_5_,z,2
p_175858_7_,type,2
p_175859_0_,listIn,2
p_175859_1_,rand,2
p_175859_2_,x,2
p_175859_3_,y,2
p_175859_4_,z,2
p_175859_5_,facing,2
p_175859_6_,type,2
p_175860_0_,listIn,2
p_175860_1_,rand,2
p_175860_2_,x,2
p_175860_3_,y,2
p_175860_4_,z,2
p_175860_5_,facing,2
p_175860_6_,type,2
p_175861_0_,listIn,2
p_175861_1_,rand,2
p_175861_2_,x,2
p_175861_3_,y,2
p_175861_4_,z,2
p_175861_5_,facing,2
p_175861_6_,type,2
p_175862_0_,listIn,2
p_175862_1_,rand,2
p_175862_2_,x,2
p_175862_3_,y,2
p_175862_4_,z,2
p_175862_5_,facing,2
p_175862_6_,type,2
p_175863_0_,listIn,2
p_175863_1_,rand,2
p_175863_2_,x,2
p_175863_3_,y,2
p_175863_4_,z,2
p_175863_5_,facing,2
p_175863_6_,type,2
p_175864_0_,listIn,2
p_175864_1_,rand,2
p_175864_2_,x,2
p_175864_3_,y,2
p_175864_4_,z,2
p_175864_5_,facing,2
p_175864_6_,type,2
p_175865_0_,listIn,2
p_175865_1_,rand,2
p_175865_2_,x,2
p_175865_3_,y,2
p_175865_4_,z,2
p_175865_5_,facing,2
p_175865_6_,type,2
p_175866_0_,listIn,2
p_175866_1_,rand,2
p_175866_2_,x,2
p_175866_3_,y,2
p_175866_4_,z,2
p_175866_5_,facing,2
p_175866_6_,type,2
p_175867_0_,listIn,2
p_175867_1_,rand,2
p_175867_2_,x,2
p_175867_3_,y,2
p_175867_4_,z,2
p_175867_5_,facing,2
p_175867_6_,type,2
p_175868_0_,listIn,2
p_175868_1_,rand,2
p_175868_2_,x,2
p_175868_3_,y,2
p_175868_4_,z,2
p_175868_5_,facing,2
p_175868_6_,type,2
p_175869_0_,listIn,2
p_175869_1_,rand,2
p_175869_2_,x,2
p_175869_3_,y,2
p_175869_4_,z,2
p_175869_5_,facing,2
p_175870_1_,startPiece,2
p_175870_2_,listIn,2
p_175870_3_,rand,2
p_175870_4_,x,2
p_175870_5_,y,2
p_175870_6_,z,2
p_175870_7_,facing,2
p_175870_8_,type,2
p_175870_9_,secondary,2
p_175871_1_,startPiece,2
p_175871_2_,weightListIn,2
p_175871_3_,listIn,2
p_175871_4_,rand,2
p_175871_5_,x,2
p_175871_6_,y,2
p_175871_7_,z,2
p_175871_8_,facing,2
p_175871_9_,type,2
p_175872_0_,listIn,2
p_175872_1_,rand,2
p_175872_2_,x,2
p_175872_3_,y,2
p_175872_4_,z,2
p_175872_5_,type,2
p_175872_6_,facing,2
p_175873_0_,listIn,2
p_175873_1_,rand,2
p_175873_2_,x,2
p_175873_3_,y,2
p_175873_4_,z,2
p_175873_5_,facing,2
p_175873_6_,type,2
p_175874_0_,listIn,2
p_175874_1_,rand,2
p_175874_2_,x,2
p_175874_3_,y,2
p_175874_4_,z,2
p_175874_5_,type,2
p_175874_6_,facing,2
p_175875_0_,listIn,2
p_175875_1_,rand,2
p_175875_2_,x,2
p_175875_3_,y,2
p_175875_4_,z,2
p_175875_5_,facing,2
p_175875_6_,type,2
p_175876_0_,listIn,2
p_175876_1_,rand,2
p_175876_2_,x,2
p_175876_3_,y,2
p_175876_4_,z,2
p_175876_5_,facing,2
p_175876_6_,type,2
p_175877_0_,listIn,2
p_175877_1_,rand,2
p_175877_2_,x,2
p_175877_3_,y,2
p_175877_4_,z,2
p_175877_5_,facing,2
p_175877_6_,type,2
p_175878_0_,listIn,2
p_175878_1_,rand,2
p_175878_2_,x,2
p_175878_3_,y,2
p_175878_4_,z,2
p_175878_5_,facing,2
p_175878_6_,type,2
p_175879_0_,listIn,2
p_175879_1_,rand,2
p_175879_2_,x,2
p_175879_3_,y,2
p_175879_4_,z,2
p_175879_5_,facing,2
p_175879_6_,type,2
p_175880_0_,listIn,2
p_175880_1_,rand,2
p_175880_2_,x,2
p_175880_3_,y,2
p_175880_4_,z,2
p_175880_5_,facing,2
p_175880_6_,type,2
p_175881_0_,listIn,2
p_175881_1_,rand,2
p_175881_2_,x,2
p_175881_3_,y,2
p_175881_4_,z,2
p_175881_5_,facing,2
p_175881_6_,type,2
p_175882_0_,listIn,2
p_175882_1_,rand,2
p_175882_2_,x,2
p_175882_3_,y,2
p_175882_4_,z,2
p_175882_5_,facing,2
p_175882_6_,type,2
p_175883_0_,listIn,2
p_175883_1_,rand,2
p_175883_2_,x,2
p_175883_3_,y,2
p_175883_4_,z,2
p_175883_5_,facing,2
p_175883_6_,type,2
p_175884_0_,listIn,2
p_175884_1_,rand,2
p_175884_2_,x,2
p_175884_3_,y,2
p_175884_4_,z,2
p_175884_5_,facing,2
p_175884_6_,type,2
p_175885_0_,listIn,2
p_175885_1_,rand,2
p_175885_2_,x,2
p_175885_3_,y,2
p_175885_4_,z,2
p_175885_5_,facing,2
p_175885_6_,type,2
p_175887_0_,weight,2
p_175887_1_,listIn,2
p_175887_2_,rand,2
p_175887_3_,x,2
p_175887_4_,y,2
p_175887_5_,z,2
p_175887_6_,facing,2
p_175887_7_,type,2
p_175897_0_,structureMinX,2
p_175897_1_,structureMinY,2
p_175897_2_,structureMinZ,2
p_175897_3_,xMin,2
p_175897_4_,yMin,2
p_175897_5_,zMin,2
p_175897_6_,xMax,2
p_175897_7_,yMax,2
p_175897_8_,zMax,2
p_175897_9_,facing,2
p_175899_0_,x1,2
p_175899_1_,y1,2
p_175899_2_,z1,2
p_175899_3_,x2,2
p_175899_4_,y2,2
p_175899_5_,z2,2
p_175914_1_,flowerIn,2
p_175914_2_,typeIn,2
p_175924_2_,pos,2
p_175925_2_,layerCenter,2
p_175925_3_,width,2
p_175926_2_,leavesPos,2
p_175926_3_,height,2
p_175927_1_,pos,2
p_175928_2_,layerCenter,2
p_175928_3_,width,2
p_175929_2_,rand,2
p_175929_3_,treePos,2
p_175929_4_,height,2
p_175930_2_,pos,2
p_175930_3_,height,2
p_175933_2_,center,2
p_175934_2_,pos,2
p_175937_1_,pos,2
p_175937_2_,upPos,2
p_175937_3_,block,2
p_175938_1_,pos,2
p_175938_2_,pos2,2
p_175953_0_,stairs,2
p_175953_1_,listIn,2
p_175953_2_,rand,2
p_175953_3_,x,2
p_175953_4_,y,2
p_175953_5_,z,2
p_175953_6_,facing,2
p_175953_7_,type,2
p_175954_0_,clazz,2
p_175954_1_,listIn,2
p_175954_2_,rand,2
p_175954_3_,x,2
p_175954_4_,y,2
p_175954_5_,z,2
p_175954_6_,facing,2
p_175954_7_,type,2
p_175955_0_,stairs,2
p_175955_1_,listIn,2
p_175955_2_,rand,2
p_175955_3_,x,2
p_175955_4_,y,2
p_175955_5_,z,2
p_175955_6_,facing,2
p_175955_7_,type,2
p_175957_1_,facing,2
p_175957_2_,room,2
p_175959_1_,index,2
p_175968_1_,facing,2
p_175968_2_,room,2
p_175968_3_,rand,2
p_175969_1_,definition,2
p_176065_2_,structureComponents,2
p_176065_4_,structureMinX,2
p_176065_5_,structureMinY,2
p_176065_6_,structureMinZ,2
p_176065_8_,componentType,2
p_176066_1_,structureComponents,2
p_176066_3_,structureMinX,2
p_176066_4_,structureMinY,2
p_176066_5_,structureMinZ,2
p_176066_7_,componentType,2
p_176067_1_,structureComponents,2
p_176067_3_,structureMinX,2
p_176067_4_,structureMinY,2
p_176067_5_,structureMinZ,2
p_176067_7_,componentType,2
p_176069_1_,listIn,2
p_176069_3_,x,2
p_176069_4_,y,2
p_176069_5_,z,2
p_176069_7_,type,2
p_176171_5_,yInc,2
p_176260_4_,attach,2
p_176260_5_,notifyNeighbors,2
p_176260_6_,index,2
p_176260_7_,state,2
p_176262_2_,pos,2
p_176262_3_,side,2
p_176548_2_,pos,2
p_176564_2_,pos,2
p_176564_3_,state,2
p_176564_4_,initialPlacement,2
p_176566_4_,searchForward,2
p_176566_5_,recursionCount,2
p_176567_2_,pos,2
p_176567_3_,searchForward,2
p_176567_5_,railDirection,2
p_176731_0_,horizontalIndexIn,2
p_176737_0_,x,0
p_176737_1_,y,0
p_176737_2_,z,0
p_177054_0_,color,0
p_177064_0_,buffer,0
p_177066_1_,attributeName,0
p_177069_10_,f2,0
p_177069_9_,f1,0
p_177077_2_,x,0
p_177077_4_,y,0
p_177077_6_,z,0
p_177077_8_,partialTicks,0
p_177077_9_,model,0
p_177093_2_,limbSwing,0
p_177093_3_,limbSwingAmount,0
p_177093_5_,ageInTicks,0
p_177093_6_,netHeadYaw,0
p_177093_7_,headPitch,0
p_177093_8_,scaleIn,0
p_177110_2_,height,0
p_177110_4_,partialTicks,0
p_177141_2_,limbSwing,0
p_177141_3_,limbSwingAmount,0
p_177141_5_,ageInTicks,0
p_177141_6_,netHeadYaw,0
p_177141_7_,headPitch,0
p_177178_1_,armor,0
p_177178_2_,isSlotLeggings,0
p_177178_3_,key,0
p_177181_1_,armor,0
p_177181_2_,isSlotLeggings,0
p_177182_2_,limbSwing,0
p_177182_3_,limbSwingAmount,0
p_177182_5_,ageInTicks,0
p_177182_6_,yaw,0
p_177182_7_,pitch,0
p_177183_3_,limbSwing,0
p_177183_4_,limbSwingAmount,0
p_177183_6_,ageInTicks,0
p_177183_7_,yaw,0
p_177183_8_,pitch,0
p_177250_1_,fromPos,2
p_177255_1_,offsets,2
p_177255_2_,index,2
p_177372_1_,index,0
p_177372_2_,usage,0
p_177413_1_,type,2
p_177414_4_,filter,2
p_177424_2_,creationMode,2
p_177430_4_,filter,2
p_177431_1_,type,2
p_177439_1_,data,2
p_177439_2_,length,2
p_177439_3_,doLoad,2
p_177461_0_,x,2
p_177461_1_,z,2
p_177517_0_,pathIn,0
p_177521_0_,x,0
p_177521_1_,y,0
p_177523_1_,facing,0
p_177524_0_,x,0
p_177524_1_,y,0
p_177564_1_,randomPos,0
p_177569_1_,blockstateDefinition,0
p_177569_2_,location,0
p_177573_1_,texture,0
p_177576_1_,texture,0
p_177580_1_,location,0
p_177581_1_,model,0
p_177582_1_,model,0
p_177583_1_,location,0
p_177584_1_,texture,0
p_177585_1_,model,0
p_177586_1_,location,0
p_177587_1_,model,0
p_177589_1_,blockPartt,0
p_177589_2_,blockPartFaceIn,0
p_177589_3_,sprite,0
p_177589_4_,face,0
p_177589_5_,transform,0
p_177589_6_,uvLocked,0
p_177591_1_,models,0
p_177594_1_,location,0
p_177596_1_,stack,0
p_177629_0_,contentList,2
p_177629_1_,contents,2
p_177647_1_,model,0
p_177677_1_,model,0
p_177677_2_,weight,0
p_177865_0_,jsonText,2
p_178011_1_,entryID,0
p_178011_2_,insideLeft,0
p_178011_3_,yPos,0
p_178012_1_,x,0
p_178012_2_,y,0
p_178012_3_,texture,0
p_178016_1_,component,0
p_178016_2_,x,0
p_178016_3_,y,0
p_178016_4_,mouseEvent,0
p_178017_1_,component,0
p_178017_2_,y,0
p_178017_3_,mouseX,0
p_178017_4_,mouseY,0
p_178017_5_,isSelected,0
p_178018_1_,field,0
p_178018_2_,mouseX,0
p_178018_3_,mouseY,0
p_178018_4_,event,0
p_178019_1_,button,0
p_178019_2_,x,0
p_178019_3_,y,0
p_178019_4_,event,0
p_178023_1_,button,0
p_178023_2_,mouseX,0
p_178023_3_,mouseY,0
p_178023_4_,event,0
p_178024_1_,button,0
p_178024_2_,y,0
p_178024_3_,mouseX,0
p_178024_4_,mouseY,0
p_178024_5_,isSelected,0
p_178025_1_,label,0
p_178025_2_,y,0
p_178025_3_,mouseX,0
p_178025_4_,mouseY,0
p_178025_5_,isSelected,0
p_178026_1_,component,0
p_178026_2_,mouseX,0
p_178026_3_,mouseY,0
p_178026_4_,mouseEvent,0
p_178027_1_,field,0
p_178027_2_,y,0
p_178027_3_,isSelected,0
p_178038_1_,width,0
p_178038_2_,height,0
p_178038_3_,disableBlend,0
p_178040_1_,entryID,0
p_178040_2_,insideLeft,0
p_178040_3_,yPos,0
p_178051_1_,x,0
p_178051_2_,y,0
p_178051_3_,texture,0
p_178054_1_,x,0
p_178054_2_,y,0
p_178054_3_,icon,0
p_178054_4_,iconMetadata,0
p_178058_1_,entry,0
p_178058_2_,xOffset,0
p_178058_3_,fullWidth,0
p_178060_1_,oldPage,0
p_178060_2_,newPage,0
p_178061_1_,id,0
p_178062_1_,typedChar,0
p_178062_2_,keyCode,0
p_178063_1_,x,0
p_178063_2_,y,0
p_178063_3_,entry,0
p_178063_4_,fullWidth,0
p_178065_1_,x,0
p_178065_2_,y,0
p_178065_3_,entry,0
p_178066_1_,gui,0
p_178066_2_,visible,0
p_178067_1_,x,0
p_178067_2_,y,0
p_178067_3_,entry,0
p_178068_1_,x,0
p_178068_2_,y,0
p_178068_3_,entry,0
p_178131_1_,values,0
p_178148_2_,enchantSlot,2
p_178148_3_,level,2
p_178157_1_,midBlocksIn,0
p_178157_2_,countBlocksIn,0
p_178157_3_,chunksIn,0
p_178175_1_,blockIn,0
p_178184_0_,facingIn,0
p_178203_1_,b1,0
p_178203_2_,b2,0
p_178203_3_,b3,0
p_178203_4_,b4,0
p_178203_5_,w1,0
p_178203_6_,w2,0
p_178203_7_,w3,0
p_178203_8_,w4,0
p_178236_1_,facing,0
p_178247_1_,object,0
p_178249_1_,object,0
p_178250_1_,deserializationContext,0
p_178250_2_,object,0
p_178251_1_,object,0
p_178251_2_,memberName,0
p_178252_1_,object,0
p_178253_1_,deserializationContext,0
p_178253_2_,object,0
p_178255_1_,object,0
p_178256_1_,object,0
p_178262_2_,brightness,0
p_178266_2_,state,0
p_178266_4_,glDisabled,0
p_178273_0_,facing,0
p_178291_1_,object,0
p_178292_1_,object,0
p_178299_1_,modelMap,0
p_178302_2_,bookKeepModel,0
p_178312_0_,modelMap,0
p_178325_1_,deserializationContext,0
p_178325_2_,object,0
p_178326_1_,object,0
p_178328_1_,object,0
p_178329_1_,object,0
p_178330_1_,key,0
p_178331_0_,reader,0
p_178334_1_,context,0
p_178334_2_,jsonObject,0
p_178335_1_,context,0
p_178335_2_,jsonMap,0
p_178337_1_,object,0
p_178339_1_,object,0
p_178340_1_,object,0
p_178345_1_,value,0
p_178346_1_,v,0
p_178347_1_,value,0
p_178348_1_,u,0
p_178382_1_,factor,0
p_178391_1_,frameData,0
p_178391_2_,x,0
p_178391_3_,y,0
p_178391_4_,width,0
p_178391_5_,height,0
p_178393_1_,sprite,0
p_178394_1_,tintIndex,0
p_178394_2_,texture,sprite
p_178394_3_,sprite,0
p_178395_1_,spanList,0
p_178395_2_,facing,0
p_178395_3_,pixelX,0
p_178395_4_,pixelY,0
p_178396_1_,facing,0
p_178396_2_,spanList,0
p_178396_3_,frameData,0
p_178396_4_,pixelX,0
p_178396_5_,pixelY,0
p_178396_6_,spriteWidth,0
p_178396_7_,spriteHeight,0
p_178396_8_,transparent,0
p_178397_1_,sprite,0
p_178397_2_,texture,0
p_178397_3_,tintIndex,0
p_178401_1_,idx,0
p_178401_2_,uv,0
p_178401_4_,faceUV,0
p_178401_5_,sprite,0
p_178407_1_,vector,0
p_178408_1_,uv,0
p_178408_2_,facing,0
p_178409_1_,uv,0
p_178409_3_,blockFaceUV,0
p_178409_4_,sprite,0
p_178412_0_,facing,0
p_178424_1_,jsonObj,0
p_178426_1_,textureLocation,0
p_178427_1_,jsonObj,0
p_178428_1_,jsonObj,0
p_178429_1_,jsonObj,0
p_178442_1_,ignores,0
p_178447_1_,blockIn,0
p_178447_2_,stateMapper,0
p_178448_1_,blockIn,0
p_178503_2_,renderer,0
p_178506_1_,bufferBuilderIn,0
p_178510_1_,bufferBuilderIn,0
p_178510_2_,list,0
p_178512_1_,builder,0
p_178516_1_,finishTimeNano,0
p_178539_1_,runnable,0
p_178600_2_,chunk,0
p_178603_1_,pos,0
p_178603_2_,facing,0
p_178604_1_,pos,0
p_178610_1_,pos,0
p_178610_2_,setFacings,0
p_178619_3_,value,0
p_178620_1_,facing,0
p_178643_1_,index,0
p_178644_1_,slotIn,0
p_178647_1_,menuView,0
p_178663_1_,brightness,0
p_178680_1_,index,0
p_178691_1_,renderer,0
p_178691_2_,x,0
p_178691_3_,y,0
p_178691_4_,z,0
p_178727_1_,scale,0
p_178728_1_,scale,0
p_178769_1_,offX,0
p_178769_2_,offY,0
p_178769_3_,offZ,0
p_178769_4_,width,0
p_178769_5_,height,0
p_178769_6_,depth,0
p_178769_7_,mirrored,0
p_178772_1_,visibility,2
p_178773_1_,visibility,2
p_178774_1_,format,2
p_178795_0_,name,2
p_178806_0_,entityIn,0
p_178806_1_,partialTicks,0
p_178819_2_,objective,2
p_178820_1_,scoreName,2
p_178820_2_,objective,2
p_178824_0_,nameIn,2
p_178836_1_,value,0
p_178838_1_,latency,0
p_178839_1_,gameMode,0
p_178843_1_,value,0
p_178844_1_,value,0
p_178846_1_,value,0
p_178857_1_,value,0
p_178902_15_,parameters,0
p_178908_0_,textComponent,0
p_178908_1_,maxTextLenght,0
p_178908_2_,fontRendererIn,0
p_178908_3_,space,0
p_178908_4_,forceTextColor,0
p_178909_0_,text,0
p_178909_1_,forceColor,0
p_178962_1_,vertex0,0
p_178962_2_,vertex1,0
p_178962_3_,vertex2,0
p_178962_4_,vertex3,0
p_178972_3_,green,0
p_178972_4_,blue,0
p_178972_5_,alpha,0
p_178978_4_,vertexIndex,0
p_178988_2_,vertexIndex,0
p_178994_4_,vertexIndex,0
p_179087_0_,texGen,0
p_179100_0_,texGen,0
p_179105_0_,texGen,0
p_179125_0_,texGen,0
p_179224_3_,stackIn,2
p_179269_0_,str,2
p_179269_1_,index,2
p_179270_0_,str,2
p_179270_1_,isArray,2
p_179271_0_,str,2
p_179271_1_,index,2
p_179272_0_,args,2
p_179319_0_,elementType,2
p_179319_1_,length,2
p_179474_2_,pos,2
p_179474_3_,heldBlock,2
p_179474_4_,upBlock,2
p_179474_5_,downBlock,2
p_179533_1_,invCrafting,2
p_179534_1_,manager,2
p_179549_1_,itemStack,2
p_179647_0_,params,2
p_179648_0_,params,2
p_179649_0_,params,2
p_179650_0_,yaw,2
p_179651_0_,params,2
p_179651_1_,key,2
p_179653_0_,params,2
p_179653_1_,key,2
p_179653_2_,defaultI,2
p_179657_0_,params,2
p_179658_0_,matchingEntities,2
p_179658_1_,params,2
p_179658_2_,sender,2
p_179658_3_,targetClass,2
p_179658_4_,type,2
p_179658_5_,pos,2
p_179659_0_,params,2
p_179661_0_,pos,2
p_179661_1_,x,2
p_179661_2_,y,2
p_179661_3_,z,2
p_179662_0_,params,2
p_179663_0_,params,2
p_179663_1_,type,2
p_179664_0_,params,2
p_179664_1_,pos,2
p_179665_0_,params,2
p_179683_10_,motionZ,2
p_179683_8_,motionX,2
p_179692_10_,motionZ,2
p_179692_1_,x,2
p_179692_2_,y,2
p_179692_3_,z,2
p_179692_4_,sizeX,2
p_179692_5_,sizeY,2
p_179692_6_,sizeZ,2
p_179692_7_,vec31,2
p_179692_8_,motionX,2
p_179754_1_,i,2
p_179756_0_,chunk,2
p_179756_1_,biomes,2
p_179756_2_,skylight,2
p_179756_3_,mask,2
p_179757_0_,source,2
p_179757_1_,destination,2
p_179757_2_,length,2
p_179861_1_,blockSize,2
p_179861_2_,blockLocation,2
p_179862_1_,pos,2
p_179862_2_,x,2
p_179862_3_,y,2
p_179862_4_,z,2
p_179867_1_,pos,2
p_179870_0_,message,0
p_179920_1_,yRotIn,2
p_179920_2_,aggressive,2
p_179926_7_,distance,2
p_180031_0_,packetIn,2
p_180031_1_,processor,2
p_180031_2_,scheduler,2
p_180053_0_,value,2
p_180054_1_,value,2
p_180056_0_,flags,2
p_180066_1_,canJumpIn,2
p_180120_1_,pos,2
p_180120_2_,direction,2
p_180181_0_,rIn,0
p_180181_1_,gIn,0
p_180181_2_,bIn,0
p_180183_0_,rIn,0
p_180183_1_,gIn,0
p_180183_2_,bIn,0
p_180184_0_,x,2
p_180184_1_,y,2
p_180185_0_,x,0
p_180185_1_,y,0
p_180188_0_,color1,2
p_180188_1_,color2,2
p_180192_2_,requestProperties,0
p_180192_4_,progressCallback,0
p_180192_5_,proxyIn,0
p_180199_0_,json,0
p_180199_1_,memberName,0
p_180204_0_,itemIn,2
p_180245_1_,player,2
p_180277_1_,id,2
p_180284_3_,defaultValue,2
p_180286_0_,blockAccess,0
p_180286_1_,pos,0
p_180287_0_,blockAccess,0
p_180287_1_,pos,0
p_180288_0_,blockAccess,0
p_180288_1_,pos,0
p_180292_4_,pos,2
p_180303_1_,craftMatrix,2
p_180360_1_,railDirection,2
p_180361_1_,posIn,2
p_180363_1_,posIn,2
p_180364_1_,powered,2
p_180364_2_,initialPlacement,2
p_180426_10_,teleport,0
p_180460_1_,pos,2
p_180460_2_,state,2
p_180465_1_,pos,2
p_180471_1_,block,2
p_180498_4_,data,2
p_180515_1_,x,2
p_180515_2_,z,2
p_180515_3_,primer,2
p_180516_1_,x,2
p_180516_2_,z,2
p_180516_3_,primer,2
p_180519_1_,primer,2
p_180520_1_,x,2
p_180520_2_,z,2
p_180520_3_,primer,2
p_180521_1_,typeIn,0
p_180531_1_,difficultyString,2
p_180543_1_,x,0
p_180543_2_,y,0
p_180543_3_,z,0
p_180543_4_,facing,0
p_180543_5_,yaw,0
p_180543_6_,type,0
p_180543_7_,profile,0
p_180543_8_,destroyStage,0
p_180547_1_,frustumArray,0
p_180549_10_,factor,0
p_180549_11_,xOffset,0
p_180549_13_,yOffset,0
p_180549_15_,zOffset,0
p_180549_2_,x,0
p_180549_4_,y,0
p_180549_6_,z,0
p_180549_9_,alpha,0
p_180574_2_,x,0
p_180574_4_,y,0
p_180574_6_,z,0
p_180574_8_,partialTicks,0
p_180600_0_,glTextureId,0
p_180600_1_,mipmapLevels,0
p_180600_2_,width,0
p_180600_3_,height,0
p_180629_1_,x,2
p_180629_2_,y,2
p_180629_3_,z,2
p_180694_3_,attaching,2
p_180694_4_,activated,2
p_180694_5_,detaching,2
p_180694_6_,deactivating,2
p_180698_0_,params,2
p_180698_1_,pos,2
p_180701_4_,originalX,2
p_180701_5_,originalZ,2
p_180702_10_,posZ,2
p_180702_12_,tunnelLength,2
p_180702_13_,angleY,2
p_180702_14_,angleX,2
p_180702_15_,currentLength,2
p_180702_16_,maxLength,2
p_180702_17_,tunnelWidth,2
p_180702_1_,seed,2
p_180702_3_,chunkX,2
p_180702_4_,chunkZ,2
p_180702_5_,primer,2
p_180702_6_,posX,2
p_180702_8_,posY,2
p_180703_10_,posZ,2
p_180703_1_,seed,2
p_180703_3_,chunkX,2
p_180703_4_,chunkZ,2
p_180703_5_,primer,2
p_180703_6_,posX,2
p_180703_8_,posY,2
p_180704_10_,posZ,2
p_180704_12_,tunnelLength,2
p_180704_13_,angleY,2
p_180704_14_,angleX,2
p_180704_15_,currentLength,2
p_180704_16_,maxLength,2
p_180704_17_,tunnelWidth,2
p_180704_1_,seed,2
p_180704_3_,chunkX,2
p_180704_4_,chunkZ,2
p_180704_5_,primer,2
p_180704_6_,posX,2
p_180704_8_,posY,2
p_180705_10_,posZ,2
p_180705_1_,seed,2
p_180705_3_,chunkX,2
p_180705_4_,chunkZ,2
p_180705_5_,primer,2
p_180705_6_,posX,2
p_180705_8_,posY,2
p_180707_10_,posZ,2
p_180707_12_,tunnelLength,2
p_180707_13_,angleY,2
p_180707_14_,angleX,2
p_180707_15_,currentLength,2
p_180707_16_,maxLength,2
p_180707_17_,tunnelWidth,2
p_180707_1_,seed,2
p_180707_3_,chunkX,2
p_180707_4_,chunkZ,2
p_180707_5_,primer,2
p_180707_6_,posX,2
p_180707_8_,posY,2
p_180710_1_,plantTypeIn,2
p_180711_2_,random,2
p_180711_3_,pos,2
p_180715_0_,version,2
p_180715_1_,layerText,2
p_180715_2_,y,2
p_180716_0_,version,2
p_180716_1_,layerText,2
p_180737_0_,section,2
p_180737_1_,skyLight,2
p_180737_2_,biomes,2
p_180777_10_,excludeAir,2
p_180779_1_,villagersSpawnedIn,2
p_180779_2_,currentVillagerProfession,2
p_180781_2_,type,2
p_180781_3_,jsonData,2
p_180786_1_,entity,0
p_180786_2_,partialTicks,0
p_180791_2_,insideLeft,0
p_180791_3_,yPos,0
p_180791_4_,insideSlotHeight,0
p_180793_1_,source,2
p_180793_2_,indirectSource,2
p_180793_4_,amplifier,2
p_180793_5_,health,2
p_181027_1_,marker,2
p_181031_1_,modified,0
p_181033_0_,blockIn,2
p_181043_0_,inputArgs,2
p_181043_1_,index,2
p_181043_2_,lookedPos,2
p_181058_1_,includeUUIDs,2
p_181065_1_,pos,2
p_181076_0_,axisDirectionIn,2
p_181076_1_,axisIn,2
p_181078_1_,stack1,2
p_181078_2_,stack2,2
p_181086_1_,worldIn,2
p_181086_2_,pos,2
p_181086_3_,facing,2
p_181087_1_,worldIn,2
p_181087_2_,pos,2
p_181088_0_,worldIn,2
p_181088_1_,pos,2
p_181088_2_,direction,2
p_181089_1_,worldIn,2
p_181089_2_,pos,2
p_181090_0_,worldIn,2
p_181090_1_,pos,2
p_181090_2_,direction,2
p_181091_1_,worldIn,2
p_181091_2_,pos,2
p_181091_3_,state,2
p_181123_0_,nbt1,2
p_181123_1_,nbt2,2
p_181123_2_,compareTagList,2
p_181138_1_,x,2
p_181138_2_,y,2
p_181138_3_,z,2
p_181140_1_,entityIn,2
p_181155_1_,active,0
p_181156_1_,page,0
p_181159_0_,y,2
p_181159_2_,x,2
p_181160_0_,current,2
p_181160_2_,min,2
p_181160_4_,max,2
p_181161_0_,number,2
p_181162_0_,number,0
p_181544_1_,seaLevelIn,2
p_181550_1_,marker,2
p_181552_1_,height,0
p_181552_2_,heightMin,0
p_181552_3_,heightMid,0
p_181552_4_,heightMax,0
p_181553_1_,col1,0
p_181553_2_,col2,0
p_181553_3_,factor,0
p_181556_0_,worldIn,2
p_181556_1_,x,2
p_181556_3_,y,2
p_181556_5_,z,2
p_181558_1_,requestedMusicType,0
p_181624_1_,worldIn,2
p_181624_2_,pos,2
p_181624_3_,i,2
p_181624_4_,j,2
p_181624_5_,type,2
p_181627_0_,worldIn,2
p_181627_1_,forceLoadIn,2
p_181631_1_,pos,2
p_181631_2_,leafSize,2
p_181631_3_,state,2
p_181632_1_,worldIn,2
p_181632_2_,rand,2
p_181632_3_,pos,2
p_181632_4_,boolProp,2
p_181638_1_,worldIn,2
p_181638_2_,pos,2
p_181638_3_,height,2
p_181639_1_,worldIn,2
p_181639_2_,pos,2
p_181642_1_,worldIn,2
p_181642_2_,pos,2
p_181647_1_,worldIn,2
p_181647_2_,pos,2
p_181647_3_,prop,2
p_181650_1_,worldIn,2
p_181650_2_,pos,2
p_181650_3_,prop,2
p_181651_1_,worldIn,2
p_181651_2_,pos,2
p_181651_3_,prop,2
p_181652_1_,worldIn,2
p_181652_2_,randInt,2
p_181652_3_,pos,2
p_181652_4_,side,2
p_181655_1_,worldIn,2
p_181655_2_,boundingBox,2
p_181655_3_,minX,2
p_181655_4_,minY,2
p_181655_5_,minZ,2
p_181655_6_,maxX,2
p_181655_7_,maxY,2
p_181655_8_,maxZ,2
p_181655_9_,replaceAir,2
p_181663_1_,x,0
p_181663_2_,y,0
p_181663_3_,z,0
p_181665_0_,floatBufferIn,0
p_181665_1_,x,0
p_181665_2_,y,0
p_181665_3_,z,0
p_181665_4_,integerSize,0
p_181665_5_,offset,0
p_181670_1_,increaseAmount,0
p_181671_1_,u,0
p_181671_2_,v,0
p_181674_1_,cameraX,0
p_181674_2_,cameraY,0
p_181674_3_,cameraZ,0
p_181679_1_,vertexBufferIn,0
p_181683_1_,context,0
p_181683_2_,jsonObject,0
p_181683_3_,key,0
p_181701_1_,facing,0
p_181720_1_,index,0
p_181722_1_,data,0
p_181758_0_,hue,0
p_181758_1_,saturation,0
p_181758_2_,value,0
p_183001_1_,id,2
p_183006_1_,movePacket,2
p_183013_1_,pos,2
p_183013_2_,compound,2
p_183023_1_,profile,2
p_70184_1_,result,2
p_70265_1_,timeSinceHit,2
p_70266_1_,damageTaken,2
p_70269_1_,forwardDirection,2
p_70270_1_,value,2
p_70469_1_,slotIn,2
p_70486_1_,tag,2
p_70489_1_,x,2
p_70489_3_,y,2
p_70489_5_,z,2
p_70492_1_,damage,2
p_70494_1_,rollingDirection,2
p_70495_1_,x,0
p_70495_3_,y,0
p_70495_5_,z,0
p_70495_7_,offset,0
p_70497_1_,rollingAmplitude,2
p_70625_2_,maxYawIncrease,2
p_70625_3_,maxPitchIncrease,2
p_70653_2_,strenght,2
p_70653_3_,xRatio,2
p_70653_5_,zRatio,2
p_70657_1_,amount,2
p_70663_1_,angle,2
p_70663_2_,targetAngle,2
p_70663_3_,maxIncrease,2
p_70675_1_,damage,2
p_70682_1_,air,2
p_70695_2_,active,2
p_70816_1_,entity,2
p_70831_1_,partialTicks,0
p_70835_1_,entity,2
p_70839_1_,climbing,2
p_70849_1_,playerCreated,2
p_70851_1_,holdingRose,2
p_70890_1_,partialTicks,2
p_70894_1_,partialTicks,2
p_70915_1_,partialTicks,2
p_70917_1_,partialTicks,2
p_70923_1_,partialTicks,2
p_70923_2_,offset,2
p_70932_1_,player,2
p_70934_1_,player,2
p_70965_3_,damage,2
p_70970_1_,entities,2
p_70971_1_,entities,2
p_70972_1_,boundingBox,2
p_70973_1_,yaw,2
p_70974_1_,offset,2
p_70974_2_,factor,2
p_71000_1_,deltaX,2
p_71000_3_,deltaY,2
p_71000_5_,deltaZ,2
p_71001_1_,entityIn,2
p_71001_2_,quantity,2
p_71010_2_,ticks,2
p_71015_1_,deltaX,2
p_71015_3_,deltaY,2
p_71015_5_,deltaZ,2
p_71020_1_,exhaustion,2
p_71044_1_,entityIn,2
p_71120_1_,containerIn,2
p_71122_1_,y,2
p_71122_3_,onGroundIn,2
p_71246_1_,worldNameIn,0
p_71534_1_,sender,2
p_71539_1_,sender,2
p_71539_2_,gameModeString,2
p_72381_1_,target,2
p_72381_2_,source,2
p_72387_1_,value,2
p_72787_1_,player,2
p_72843_1_,seedX,2
p_72843_2_,seedY,2
p_72843_3_,seedZ,2
p_72920_2_,remove,2
p_72933_1_,start,2
p_72933_2_,end,2
p_72955_1_,runAllPending,2
p_72967_1_,partialTicks,2
p_72971_1_,partialTicks,0
p_73044_1_,all,2
p_73164_1_,noiseField,2
p_73164_2_,xOffset,2
p_73164_3_,yOffset,2
p_73164_4_,zOffset,2
p_73164_5_,xSize,2
p_73164_6_,ySize,2
p_73164_7_,zSize,2
p_73187_1_,densities,2
p_73187_2_,xOffset,2
p_73187_3_,yOffset,2
p_73187_4_,zOffset,2
p_73187_5_,xSize,2
p_73187_6_,ySize,2
p_73187_7_,zSize,2
p_73968_1_,partialTicks,0
p_73969_1_,yIn,0
p_73969_2_,rowHeightIn,0
p_73970_1_,mouseX,0
p_73970_2_,mouseY,0
p_73970_3_,partialTicks,0
p_73971_1_,mouseX,0
p_73971_2_,mouseY,0
p_73971_3_,partialTicks,0
p_74517_0_,red,0
p_74517_2_,green,0
p_74517_4_,blue,0
p_74517_6_,alpha,0
p_74521_0_,red,0
p_74521_1_,green,0
p_74521_2_,blue,0
p_74521_3_,alpha,0
p_74583_1_,thirdView,0
p_74793_0_,compound,0
p_74793_1_,fileIn,0
p_74795_0_,compound,0
p_74795_1_,fileIn,0
p_74797_0_,fileIn,0
p_74799_0_,compound,2
p_74800_0_,compound,2
p_74800_1_,output,2
p_74889_2_,structurebb,2
p_74891_2_,structureComponents,2
p_74891_4_,x,2
p_74891_5_,y,2
p_74893_2_,structurebb,2
p_74893_3_,x,2
p_74893_4_,y,2
p_74893_5_,z,2
p_74893_6_,count,2
p_74894_2_,structureComponents,2
p_74894_4_,x,2
p_74894_5_,y,2
p_74895_0_,structurebb,2
p_74935_2_,structurebb,2
p_74935_3_,yOffset,2
p_74960_1_,listIn,2
p_74961_1_,startPiece,2
p_74961_2_,listIn,2
p_74961_3_,rand,2
p_74961_4_,x,2
p_74961_5_,y,2
p_74961_6_,secondary,2
p_74963_1_,startPiece,2
p_74963_2_,listIn,2
p_74963_3_,rand,2
p_74963_4_,x,2
p_74963_5_,y,2
p_74963_6_,secondary,2
p_74964_0_,boundingBox,2
p_74965_1_,startPiece,2
p_74965_2_,listIn,2
p_74965_3_,rand,2
p_74965_4_,x,2
p_74965_5_,y,2
p_74965_6_,secondary,2
p_74986_1_,stairs,2
p_74986_2_,listIn,2
p_74986_3_,rand,2
p_74986_4_,x,2
p_74986_5_,y,2
p_74987_1_,stairs,2
p_74987_2_,listIn,2
p_74987_3_,rand,2
p_74987_4_,x,2
p_74987_5_,y,2
p_74988_1_,rand,2
p_74989_1_,stairs,2
p_74989_2_,listIn,2
p_74989_3_,rand,2
p_74989_4_,x,2
p_74989_5_,y,2
p_74990_2_,rand,2
p_74990_3_,boundingBox,2
p_74990_4_,door,2
p_74990_5_,x,2
p_74990_6_,y,2
p_74990_7_,z,2
p_74991_0_,boundingBox,2
p_75062_5_,wall,2
p_75067_3_,height,2
p_75070_3_,minHeight,2
p_75070_4_,maxHeight,2
p_75079_0_,pieceList,2
p_75085_1_,componentType,2
p_75112_1_,compound,2
p_75113_1_,exhaustion,2
p_75117_1_,compound,2
p_75128_1_,player,2
p_75128_2_,canCraft,2
p_75129_1_,player,2
p_75131_1_,stack,0
p_75136_1_,invPlayer,0
p_75189_1_,type,2
p_75220_1_,oldStackIn,2
p_75220_2_,newStackIn,2
p_75560_1_,tickCounterIn,2
p_75639_1_,sourceAngle,2
p_75639_2_,targetAngle,2
p_75639_3_,maximumChange,2
p_75652_1_,original,2
p_75652_2_,change,2
p_75652_3_,delta,2
p_75665_1_,yawHead,2
p_75665_2_,yawOffset,2
p_75665_3_,diff,2
p_75687_1_,watcherList,2
p_75735_1_,fileIo,2
p_75747_1_,data,2
p_75811_1_,baseFolder,2
p_75811_2_,file,2
p_75811_3_,biomeSource,2
p_75811_4_,current,2
p_75811_5_,total,2
p_75813_1_,baseFolder,2
p_75813_2_,regionFiles,2
p_75813_3_,manager,2
p_75813_4_,current,2
p_75813_5_,total,2
p_75813_6_,progress,2
p_75820_3_,compound,2
p_75822_4_,compound,2
p_75823_2_,compound,2
p_75824_1_,pos,2
p_75824_2_,compound,2
p_75846_1_,index,2
p_75847_1_,index,2
p_75850_1_,point,2
p_75850_2_,distance,2
p_75902_1_,value,2
p_75903_1_,seedX,2
p_75903_3_,seedY,2
p_75915_0_,seed,2
p_75915_2_,layer,2
p_75915_3_,zoomLevel,2
p_75924_0_,stat,2
p_75968_1_,number,0
p_76036_1_,index,2
p_76037_1_,hashEntry,2
p_76038_1_,hashEntry,2
p_76038_2_,valueEntry,2
p_76040_1_,slotHash,2
p_76040_2_,hash,2
p_76040_3_,value,2
p_76040_4_,index,2
p_76041_1_,hashEntry,2
p_76045_1_,hashEntry,2
p_76047_1_,index,2
p_76048_1_,entries,2
p_76049_1_,o,2
p_76126_0_,value,2
p_76132_0_,x,2
p_76132_2_,y,2
p_76136_0_,random,2
p_76136_1_,minimum,2
p_76136_2_,maximum,2
p_76137_0_,x,2
p_76137_1_,y,2
p_76152_1_,key,2
p_76153_1_,capacity,2
p_76154_1_,entries,2
p_76156_1_,hash,2
p_76156_2_,key,2
p_76156_4_,value,2
p_76156_5_,index,2
p_76158_0_,hash,2
p_76158_1_,mask,2
p_76159_1_,key,2
p_76160_1_,key,2
p_76161_1_,key,2
p_76163_1_,key,2
p_76163_3_,value,2
p_76164_1_,key,2
p_76305_10_,ignored,2
p_76309_1_,hash,2
p_76309_2_,x,2
p_76309_4_,z,2
p_76310_1_,hash,2
p_76310_2_,x,2
p_76310_4_,y,2
p_76310_6_,z,2
p_76311_1_,factor,2
p_76311_3_,start,2
p_76311_5_,end,2
p_76316_1_,invBasic,2
p_76333_1_,value,2
p_76333_2_,increment,2
p_76394_2_,amplifier,2
p_76397_1_,duration,2
p_76397_2_,amplifier,2
p_76399_1_,column,2
p_76399_2_,row,2
p_76445_0_,size,2
p_76490_1_,y,2
p_76493_1_,y,2
p_76495_1_,y,2
p_76543_1_,rand,2
p_76562_1_,celestialAngle,0
p_76562_2_,partialTicks,0
p_76601_1_,allChunks,2
p_76608_2_,index,2
p_76624_1_,provider1,2
p_76624_2_,provider2,2
p_76686_1_,x,2
p_76686_2_,y,2
p_76686_3_,z,2
p_76690_0_,converterData,2
p_76690_2_,provider,2
p_76731_1_,currentTemperature,0
p_76939_1_,height,2
p_76939_2_,ignored,2
p_76940_1_,x,2
p_76940_2_,z,2
p_76940_3_,radius,2
p_76940_4_,allowed,2
p_77008_2_,x,0
p_77008_3_,y,0
p_77036_2_,limbSwing,0
p_77036_3_,limbSwingAmount,0
p_77036_4_,ageInTicks,0
p_77036_5_,netHeadYaw,0
p_77036_6_,headPitch,0
p_77043_2_,ageInTicks,0
p_77043_3_,rotationYaw,0
p_77191_2_,centerX,2
p_77191_3_,centerZ,2
p_77191_4_,diameterX,2
p_77191_5_,diameterZ,2
p_77192_4_,spawnOnSetTickRate,2
p_77203_1_,stack0,2
p_77203_2_,stack1,2
p_77203_3_,index,2
p_77467_0_,foliageBufferIn,0
p_77470_0_,temperature,0
p_77470_2_,humidity,0
p_77475_1_,x,0
p_77475_2_,t,0
p_77479_0_,grassBufferIn,0
p_77480_0_,temperature,0
p_77480_2_,humidity,0
p_77504_0_,random,2
p_77504_1_,stack,2
p_77504_2_,level,2
p_77505_0_,enchantability,2
p_77505_1_,itemStack,2
p_77513_2_,level,2
p_77523_0_,response,0
p_77524_0_,response,0
p_77525_0_,motd,0
p_77525_1_,address,0
p_77551_1_,pingResponse,0
p_77551_2_,ipAddress,0
p_77557_1_,itemIn,2
p_77573_1_,craftingInventory,2
p_77573_2_,width,2
p_77573_3_,height,2
p_77573_4_,mirror,2
p_77583_1_,manager,2
p_77586_1_,manager,2
p_77589_1_,manager,2
p_77590_1_,manager,2
p_77607_1_,manager,2
p_77608_1_,manager,2
p_77904_0_,flagUnset,2
p_77904_1_,amplifierDefined,2
p_77904_2_,negativeEffect,2
p_77904_3_,type,2
p_77904_4_,index,2
p_77904_5_,amplifier,2
p_77904_6_,flagMask,2
p_77906_0_,flagMask,2
p_77906_1_,index,2
p_77906_2_,shouldCheck,2
p_77906_3_,toggle,2
p_77906_4_,unset,2
p_77907_0_,flagMask,2
p_77908_0_,flagMask,2
p_77908_1_,flag1,2
p_77908_2_,flag2,2
p_77908_3_,flag3,2
p_77908_4_,flag4,2
p_77908_5_,flag5,2
p_77910_0_,flag,2
p_77910_1_,index,2
p_77911_0_,potionEffects,2
p_77912_0_,effectText,2
p_77912_1_,start,2
p_77912_2_,end,2
p_77912_3_,flagMask,2
p_77913_0_,flagMask,2
p_77913_1_,ingredient,2
p_77914_0_,flag,2
p_77914_1_,index,2
p_77916_0_,flag,2
p_77916_1_,index,2
p_77917_0_,flagMask,2
p_77917_1_,usable,2
p_78018_1_,items,0
p_78086_2_,limbSwing,0
p_78086_3_,limbSwingAmount,0
p_78088_2_,limbSwing,0
p_78088_3_,limbSwingAmount,0
p_78088_4_,ageInTicks,0
p_78088_5_,netHeadYaw,0
p_78088_6_,headPitch,0
p_78172_1_,ticks,0
p_78172_2_,factor,0
p_78214_1_,yaw,0
p_78240_1_,texturePosX,0
p_78240_2_,texturePosY,0
p_78433_1_,x,0
p_78433_2_,y,0
p_78433_3_,width,0
p_78433_4_,height,0
p_78434_1_,startX,0
p_78434_2_,startY,0
p_78434_3_,endX,0
p_78434_4_,endY,0
p_78435_1_,startX,0
p_78435_2_,startY,0
p_78435_3_,endX,0
p_78435_4_,endY,0
p_78546_1_,boundingBox,0
p_78547_1_,xIn,0
p_78547_3_,yIn,0
p_78547_5_,zIn,0
p_78548_11_,maxZ,0
p_78548_1_,minX,0
p_78548_3_,minY,0
p_78548_5_,minZ,0
p_78548_7_,maxX,0
p_78548_9_,maxY,0
p_78553_11_,maxZ,0
p_78553_1_,minX,0
p_78553_3_,minY,0
p_78553_5_,minZ,0
p_78553_7_,maxX,0
p_78553_9_,maxY,0
p_78785_1_,scale,0
p_78790_1_,offX,0
p_78790_2_,offY,0
p_78790_3_,offZ,0
p_78791_1_,scale,0
p_78822_1_,ignored,2
p_78857_1_,pos1,0
p_78857_2_,pos2,0
p_78860_0_,addrString,0
p_78862_0_,value,0
p_78862_1_,defaultValue,0
p_78863_0_,address,0
p_78909_1_,vertexIndex,0
p_82196_2_,distanceFactor,2
p_82201_1_,type,2
p_82203_1_,head,2
p_82204_1_,prevYaw,2
p_82204_2_,yaw,2
p_82204_3_,diff,2
p_82207_1_,head,2
p_82208_1_,head,2
p_82209_1_,head,2
p_82210_1_,head,2
p_82213_1_,head,2
p_82214_1_,head,2
p_82215_1_,time,2
p_82216_1_,head,2
p_82216_2_,entity,2
p_82334_1_,stack,2
p_82336_1_,rotationIn,2
p_82377_0_,selectorStr,2
p_82378_0_,selectorStr,2
p_82400_1_,prevYaw,0
p_82400_2_,yaw,0
p_82400_3_,partialTicks,0
p_82448_2_,lastDimension,2
p_82683_1_,defaultReputation,2
p_82684_1_,playerName,2
p_82687_1_,playerName,2
p_82688_1_,playerName,2
p_82688_2_,reputation,2
p_82712_0_,value,2
p_82712_1_,defaultValue,2
p_82713_0_,value,2
p_82713_1_,defaultValue,2
p_82713_3_,max,2
p_82714_0_,value,2
p_82714_1_,defaultValue,2
p_82714_2_,max,2
p_82715_0_,value,2
p_82715_1_,defaultValue,2
p_82716_0_,random,2
p_82716_1_,minimum,2
p_82716_3_,maximum,2
p_82787_1_,craftMatrix,2
p_85039_1_,scoreIn,2
p_85040_1_,scoreIn,2
p_85172_1_,player,2
p_85172_2_,chunkIn,2
p_92034_11_,motionZ,0
p_92034_13_,colours,0
p_92034_14_,fadeColours,0
p_92034_15_,trail,0
p_92034_16_,twinkle,0
p_92034_1_,posX,0
p_92034_3_,posY,0
p_92034_5_,posZ,0
p_92034_7_,motionX,0
p_92034_9_,motionY,0
p_92038_8_,big,0
p_92092_0_,entityLivingBaseIn,2
p_92092_1_,damage,2
p_92093_0_,entity,2
p_92093_1_,duration,2
p_92094_0_,level,2
p_92094_1_,rnd,2
p_92095_0_,level,2
p_92095_1_,rnd,2
p_92097_0_,stack,2
p_92097_1_,level,2
p_92097_2_,rand,2
p_92099_0_,enchantmentIn,2
p_92099_1_,entityIn,2
p_94086_1_,displayTileOffset,2
p_94096_1_,showBlock,2
p_94103_1_,distance,2
p_94107_1_,fuel,2
p_94184_1_,slots,0
p_94196_1_,dimensionIn,0
p_94241_2_,x,0
p_94241_4_,z,0
p_94241_6_,yaw,0
p_94241_8_,randomYaw,0
p_94241_9_,reset,0
p_94277_0_,glTextureId,0
p_94310_1_,holderIn,0
p_94311_1_,holderIn,0
p_94525_0_,dragSlotsIn,2
p_94525_1_,dragModeIn,2
p_94525_2_,stack,2
p_94525_3_,slotStackSize,2
p_94529_0_,eventButton,2
p_94531_1_,slotIn,2
p_94532_0_,clickedButton,2
p_94534_0_,type,2
p_94534_1_,dragLimit,2
p_94548_1_,entry,2
p_96110_1_,value,2
p_96296_0_,getColor,2
p_96296_1_,getFancyStyling,2
p_96497_1_,compound,2
p_96498_1_,tagList,2
p_96502_1_,playerTeam,2
p_96502_2_,tagList,2
p_96504_1_,compound,2
p_96508_1_,teamName,2
p_96509_1_,username,2
p_96511_1_,playerTeam,2
p_96512_1_,username,2
p_96512_2_,playerTeam,2
p_96516_1_,scoreName,2
p_96517_0_,id,2
p_96519_1_,objective,2
p_96524_1_,playerName,2
p_96530_1_,objectiveSlot,2
p_96530_2_,objective,2
p_96532_1_,objective,2
p_96533_1_,objective,2
p_96536_1_,scoreIn,2
p_96537_0_,name,2
p_96539_1_,slotIn,2
p_96546_1_,objective,2
p_96547_1_,data,2
p_96548_1_,objective,2
p_96549_1_,objective,2
p_96550_1_,objective,2
p_96552_1_,objective,2
p_96560_0_,params,2
p_96635_1_,players,2
p_96651_1_,players,2
p_96667_0_,teamIn,2
p_96667_1_,string,2
p_98042_1_,value,2
p_98054_1_,child,2
p_98277_1_,entity,2
p_98298_1_,flags,0
p_i0_10_,mirror,0
p_i0_1_,renderer,0
p_i0_2_,texUV,0
p_i0_3_,x,0
p_i0_4_,y,0
p_i0_5_,z,0
p_i0_6_,dx,0
p_i0_7_,dy,0
p_i0_8_,dz,0
p_i0_9_,delta,0
p_i1029_2_,preset,0
p_i1031_1_,lastScreenIn,0
p_i1031_2_,serverDataIn,0
p_i1033_1_,parentScreenIn,0
p_i1033_2_,serverDataIn,0
p_i1034_1_,packDescriptionIn,0
p_i1034_2_,packFormatIn,0
p_i1046_1_,parentScreen,0
p_i1046_2_,gameSettingsObj,0
p_i1047_1_,assetsFolder,0
p_i1047_2_,indexName,0
p_i1050_1_,manager,0
p_i1050_2_,resourceManagerIn,0
p_i1050_3_,mainFramebufferIn,0
p_i1050_4_,shaderGroupName,0
p_i1055_1_,lastScreenIn,0
p_i1071_1_,parent,0
p_i1071_2_,manager,0
p_i1074_2_,buttonId,0
p_i1074_3_,x,0
p_i1074_4_,y,0
p_i1075_2_,buttonId,0
p_i1075_3_,x,0
p_i1075_4_,y,0
p_i1076_2_,buttonId,0
p_i1076_3_,x,0
p_i1076_4_,y,0
p_i1076_5_,potionId,0
p_i1076_6_,tier,0
p_i1077_1_,buttonId,0
p_i1077_2_,x,0
p_i1077_3_,y,0
p_i1077_4_,iconTextureIn,0
p_i1077_5_,iconXIn,0
p_i1077_6_,iconYIn,0
p_i1082_1_,parentScreenIn,0
p_i1082_2_,messageLine1In,0
p_i1082_3_,messageLine2In,0
p_i1082_4_,parentButtonClickedIdIn,0
p_i1083_1_,parentScreenIn,0
p_i1083_2_,messageLine1In,0
p_i1083_3_,messageLine2In,0
p_i1083_4_,confirmButtonTextIn,0
p_i1083_5_,cancelButtonTextIn,0
p_i1083_6_,parentButtonClickedIdIn,0
p_i1084_1_,parentScreenIn,0
p_i1084_3_,parentButtonClickedIdIn,0
p_i1084_4_,trusted,0
p_i1086_1_,player,0
p_i1088_1_,player,0
p_i1094_1_,player,0
p_i1095_4_,forward,0
p_i1126_1_,clazz,2
p_i1126_2_,nums,2
p_i1132_1_,file,2
p_i1149_2_,yOffsetIn,0
p_i1150_1_,jsonObj,2
p_i1151_1_,scale,0
p_i1154_1_,height,0
p_i1154_2_,scale,0
p_i1155_1_,x,0
p_i1155_2_,y,0
p_i1155_3_,width,0
p_i1155_4_,height,0
p_i1157_1_,slimeBodyTexOffY,0
p_i1158_1_,x,0
p_i1158_2_,y,0
p_i1158_3_,z,0
p_i1158_4_,texU,0
p_i1158_5_,texV,0
p_i1161_1_,scale,0
p_i1163_1_,scale,0
p_i1164_1_,scale,0
p_i1164_2_,deltaPointY,0
p_i1164_3_,width,0
p_i1164_4_,height,0
p_i1165_1_,scale,0
p_i1165_2_,deltaPointY,0
p_i1165_3_,isBaby,0
p_i1167_2_,yOffset,0
p_i1168_2_,isBaby,0
p_i1170_1_,scale,0
p_i1170_2_,renderBase,0
p_i1181_1_,parent,0
p_i1181_3_,serverDataIn,0
p_i1182_1_,parent,0
p_i1195_8_,itemIn,0
p_i1196_8_,itemIn,0
p_i1196_9_,meta,0
p_i1197_14_,itemIn,0
p_i1197_15_,meta,0
p_i1201_10_,ySpeed,0
p_i1201_12_,zSpeed,0
p_i1201_8_,xSpeed,0
p_i1203_8_,material,0
p_i1211_10_,ySpeed,0
p_i1211_12_,zSpeed,0
p_i1211_2_,x,0
p_i1211_4_,y,0
p_i1211_6_,z,0
p_i1211_8_,xSpeed,0
p_i1213_11_,ignored1,0
p_i1213_13_,ignored,0
p_i1213_9_,scale,0
p_i1214_10_,ySpeed,0
p_i1214_12_,zSpeed,0
p_i1214_8_,xSpeed,0
p_i1217_10_,ySpeed,0
p_i1217_12_,zSpeed,0
p_i1217_14_,scale,0
p_i1217_8_,xSpeed,0
p_i1221_10_,ySpeed,0
p_i1221_12_,zSpeed,0
p_i1221_8_,xSpeed,0
p_i1228_14_,scale,0
p_i1229_10_,ySpeed,0
p_i1229_12_,zSpeed,0
p_i1229_8_,xSpeed,0
p_i1233_2_,entityIn,0
p_i1233_3_,targetEntityIn,0
p_i1233_4_,yOffsetIn,0
p_i1277_1_,originXIn,0
p_i1277_2_,originYIn,0
p_i1294_2_,fileName,0
p_i1307_1_,frameIndexIn,0
p_i1308_1_,frameIndexIn,0
p_i1308_2_,frameTimeIn,0
p_i1310_1_,charWidthsIn,0
p_i1310_2_,charLeftsIn,0
p_i1310_3_,charSpacingsIn,0
p_i1311_1_,languagesIn,0
p_i1320_1_,list,0
p_i1321_1_,motd,0
p_i1321_2_,address,0
p_i1358_1_,xIn,2
p_i1358_3_,zIn,2
p_i1363_1_,message,2
p_i1363_2_,args,2
p_i1520_1_,worldServer,2
p_i1520_2_,chunkLoader,2
p_i1520_3_,chunkProvider,2
p_i1552_1_,slot,2
p_i1552_2_,hash,2
p_i1552_3_,value,2
p_i1552_4_,entry,2
p_i1553_1_,hash,2
p_i1553_2_,key,2
p_i1553_4_,value,2
p_i1553_5_,entry,2
p_i1564_2_,timeIn,2
p_i1564_5_,fallSuffixIn,2
p_i1611_1_,livingIn,2
p_i1649_4_,maxAttackTime,2
p_i1649_5_,maxAttackDistanceIn,2
p_i1650_4_,minAttackTime,2
p_i1674_2_,agressorIn,2
p_i1674_3_,agressionTimeIn,2
p_i1705_2_,x,2
p_i1705_4_,y,2
p_i1705_6_,z,2
p_i1726_2_,x,2
p_i1726_4_,y,2
p_i1726_6_,z,2
p_i1783_2_,throwerIn,2
p_i1786_2_,throwerIn,2
p_i1791_8_,potionId,2
p_i1801_2_,inventoryIn,2
p_i1801_3_,index,2
p_i1801_4_,xIn,2
p_i1801_5_,yIn,2
p_i1917_3_,items,2
p_i1961_3_,defaultLightValueIn,2
p_i1_2_,rawBuffer,0
p_i1_3_,format,0
p_i1_4_,spriteList,0
p_i2008_1_,notify,2
p_i2011_1_,numOfBlocks,2
p_i2025_1_,notify,2
p_i2027_1_,notify,2
p_i2034_1_,entryMap,2
p_i2040_2_,random,2
p_i2040_3_,chunkX,2
p_i2040_4_,chunkZ,2
p_i2042_1_,rand,2
p_i2042_2_,chunkX,2
p_i2042_3_,chunkZ,2
p_i2054_1_,type,2
p_i2055_1_,clazz,2
p_i2055_2_,weight,2
p_i2055_3_,maxPiece,2
p_i2055_4_,allowRow,2
p_i2056_1_,clazz,2
p_i2056_2_,weight,2
p_i2056_3_,maxPiece,2
p_i2059_1_,rand,2
p_i2059_2_,chunkX,2
p_i2059_3_,chunkZ,2
p_i2060_2_,random,2
p_i2060_3_,chunkX,2
p_i2060_4_,chunkZ,2
p_i2061_1_,entryMap,2
p_i2062_1_,rand,2
p_i2062_2_,chunkX,2
p_i2062_3_,chunkZ,2
p_i2064_1_,rand,2
p_i2064_2_,x,2
p_i2064_3_,z,2
p_i2065_1_,rand,2
p_i2065_2_,x,2
p_i2065_3_,y,2
p_i2065_4_,z,2
p_i2065_5_,sizeX,2
p_i2065_6_,sizeY,2
p_i2065_7_,sizeZ,2
p_i2066_1_,rand,2
p_i2066_2_,chunkX,2
p_i2066_3_,chunkZ,2
p_i2067_2_,random,2
p_i2067_3_,chunkX,2
p_i2067_4_,chunkZ,2
p_i2068_1_,entryMap,2
p_i2076_1_,clazz,2
p_i2076_2_,weight,2
p_i2076_3_,limit,2
p_i2081_1_,type,2
p_i2081_2_,rand,2
p_i2081_3_,chunkX,2
p_i2081_4_,chunkZ,2
p_i2083_1_,type,2
p_i2083_2_,rand,2
p_i2083_3_,chunkX,2
p_i2083_4_,chunkZ,2
p_i2087_1_,type,2
p_i2093_1_,map,2
p_i2098_1_,clazz,2
p_i2098_2_,weight,2
p_i2098_3_,limit,2
p_i2104_2_,type,2
p_i2104_4_,x,2
p_i2104_5_,z,2
p_i2104_6_,pieceList,2
p_i2104_7_,terrainType,2
p_i2109_2_,type,2
p_i2109_4_,x,2
p_i2109_5_,z,2
p_i2119_1_,seed,2
p_i2119_3_,parent,2
p_i2120_1_,seed,2
p_i2120_3_,parent,2
p_i2121_1_,seed,2
p_i2121_3_,parent,2
p_i2123_1_,seed,2
p_i2123_3_,parent,2
p_i2124_1_,seed,2
p_i2125_1_,seed,2
p_i2127_1_,seed,2
p_i2127_3_,parent,2
p_i2128_1_,seed,2
p_i2128_3_,parent,2
p_i2129_1_,seed,2
p_i2129_3_,biomePattern,2
p_i2129_4_,riverPattern,2
p_i2130_1_,seed,2
p_i2130_3_,parent,2
p_i2131_1_,seed,2
p_i2131_3_,parent,2
p_i2133_1_,seed,2
p_i2133_3_,parent,2
p_i2134_1_,seed,2
p_i2134_3_,parent,2
p_i2145_1_,worldInfoIn,2
p_i2344_1_,holderIn,0
p_i2344_2_,message,0
p_i2_1_,renderChunk,0
p_i2_2_,facing,0
p_i2_3_,setFacing,0
p_i3_1_,vertexData,0
p_i3_2_,index,0
p_i3_3_,facing,0
p_i3_4_,sprite,0
p_i45000_1_,updateCounterCreatedIn,0
p_i45000_2_,lineStringIn,0
p_i45000_3_,chatLineIDIn,0
p_i45011_1_,buttonId,0
p_i45011_2_,x,0
p_i45011_3_,y,0
p_i45011_4_,buttonText,0
p_i45012_1_,buttonId,0
p_i45012_2_,x,0
p_i45012_3_,y,0
p_i45012_4_,width,0
p_i45012_5_,height,0
p_i45012_6_,buttonText,0
p_i45013_1_,buttonId,0
p_i45013_2_,x,0
p_i45013_3_,y,0
p_i45013_4_,options,0
p_i45013_5_,buttonText,0
p_i45014_1_,buttonAIn,0
p_i45014_2_,buttonBIn,0
p_i45015_2_,width,0
p_i45015_3_,height,0
p_i45015_4_,top,0
p_i45015_5_,bottom,0
p_i45015_6_,slotHeight,0
p_i45015_7_,options,0
p_i45016_1_,buttonId,0
p_i45016_2_,x,0
p_i45016_3_,y,0
p_i45016_4_,optionIn,0
p_i45017_1_,buttonId,0
p_i45017_2_,x,0
p_i45017_3_,y,0
p_i45017_4_,optionIn,0
p_i45017_5_,minValueIn,0
p_i45017_6_,maxValue,0
p_i45024_2_,buttonId,0
p_i45024_3_,x,0
p_i45024_4_,y,0
p_i45024_5_,category,0
p_i45024_6_,largeButton,0
p_i45025_1_,parentIn,0
p_i45025_2_,settingsIn,0
p_i45028_2_,name,0
p_i45029_2_,name,0
p_i45032_1_,commandBlock,0
p_i45046_1_,screenIn,0
p_i45046_2_,serverDataIn,0
p_i45048_1_,ownerIn,0
p_i45053_2_,entry,0
p_i45054_2_,width,0
p_i45054_3_,height,0
p_i45054_4_,listIn,0
p_i45055_2_,width,0
p_i45055_3_,height,0
p_i45055_4_,listIn,0
p_i45056_2_,width,0
p_i45056_3_,height,0
p_i45056_4_,listIn,0
p_i45059_3_,previousScreenIn,0
p_i45073_10_,ySpeed,0
p_i45073_12_,zSpeed,0
p_i45073_8_,xSpeed,0
p_i45078_1_,width,0
p_i45078_2_,height,0
p_i45078_3_,useDepthIn,0
p_i45084_1_,separateBlendIn,0
p_i45084_2_,opaqueIn,0
p_i45084_3_,srcColorFactorIn,0
p_i45084_4_,destColorFactorIn,0
p_i45084_5_,srcAlphaFactorIn,0
p_i45084_6_,destAlphaFactorIn,0
p_i45084_7_,blendFunctionIn,0
p_i45085_1_,srcFactor,0
p_i45085_2_,dstFactor,0
p_i45085_3_,blendFunctionIn,0
p_i45086_1_,srcColorFactorIn,0
p_i45086_2_,destColorFactorIn,0
p_i45086_3_,srcAlphaFactorIn,0
p_i45086_4_,destAlphaFactorIn,0
p_i45086_5_,blendFunctionIn,0
p_i45089_1_,resourceManager,0
p_i45089_2_,programName,0
p_i45089_3_,framebufferInIn,0
p_i45089_4_,framebufferOutIn,0
p_i45090_3_,shaderNameIn,0
p_i45090_4_,shaderExtensionIn,0
p_i45090_5_,shaderModeIn,0
p_i45094_1_,theTextureIn,0
p_i45094_2_,mipmapLevelHolderIn,0
p_i45095_3_,forcePower2,0
p_i45095_4_,maxTileDimension,0
p_i45102_1_,blur,0
p_i45102_2_,clamp,0
p_i45102_3_,mipmapList,0
p_i45109_3_,name,2
p_i45119_1_,handler,0
p_i45119_2_,settings,0
p_i45132_1_,intArray,2
p_i45136_1_,message,2
p_i45137_1_,jsonIn,2
p_i45139_1_,jsonIn,2
p_i45139_2_,valueIn,2
p_i45166_3_,dataInt,2
p_i45173_1_,statisticMap,2
p_i45181_1_,numsBlockUpdate,2
p_i45182_3_,accepted,2
p_i45186_2_,itemList,2
p_i45193_1_,x,2
p_i45193_9_,vec3,2
p_i45194_2_,value,2
p_i45196_2_,loadChunk,2
p_i45196_3_,mask,2
p_i45214_2_,yaw,2
p_i45217_2_,watcher,2
p_i45217_3_,getAll,2
p_i45221_2_,equipmentSlot,2
p_i45222_1_,bar,2
p_i45224_1_,objective,2
p_i45224_2_,action,2
p_i45235_2_,name,2
p_i45235_3_,baseValue,2
p_i45235_5_,modifiers,2
p_i45236_2_,attributes,2
p_i45311_1_,item,2
p_i45311_2_,itemId,2
p_i45315_2_,speed,2
p_i45373_2_,snowy,2
p_i45374_1_,biome,2
p_i45374_2_,rainfall,2
p_i45377_2_,type,2
p_i45378_2_,superIcy,2
p_i45379_2_,edgeJungle,2
p_i45380_2_,brycePillars,2
p_i45380_3_,hasForest,2
p_i45382_1_,id,2
p_i45382_2_,biome,2
p_i45385_2_,type,2
p_i45449_1_,notify,2
p_i45449_2_,useExtraRandomHeightIn,2
p_i45450_1_,blockIn,2
p_i45450_2_,startRadiusIn,2
p_i45453_1_,blockIn,2
p_i45453_2_,insideRockIn,2
p_i45454_1_,basePathWidthIn,2
p_i45457_1_,notify,2
p_i45457_2_,useBaseHeight,2
p_i45461_1_,notify,2
p_i45462_1_,block,2
p_i45462_2_,radius,2
p_i45463_1_,doBlockNotify,2
p_i45464_1_,baseBlock,2
p_i45465_1_,blockIn,2
p_i45467_1_,layerCount,2
p_i45467_2_,layerMaterialIn,2
p_i45469_1_,rand,2
p_i45470_1_,seed,2
p_i45470_2_,levelsIn,2
p_i45471_1_,seed,2
p_i45472_1_,seed,2
p_i45472_3_,parent,2
p_i45474_1_,seed,2
p_i45474_3_,parent,2
p_i45474_4_,mode,2
p_i45475_1_,seed,2
p_i45475_3_,parent,2
p_i45478_1_,seed,2
p_i45478_3_,parent,2
p_i45479_1_,seed,2
p_i45479_3_,parent,2
p_i45479_4_,riverLayer,2
p_i45480_1_,seed,2
p_i45480_3_,parent,2
p_i45492_2_,teamIn,0
p_i45493_1_,profiles,0
p_i45494_1_,categoryIn,0
p_i45494_2_,itemsIn,0
p_i45494_3_,selectedIndex,0
p_i45495_1_,direction,0
p_i45495_2_,enabled,0
p_i45497_1_,menu,0
p_i45500_1_,playerInventoryIn,0
p_i45500_2_,merchantIn,0
p_i45502_3_,nameable,0
p_i45506_2_,inventoryIn,0
p_i45514_2_,buttonId,0
p_i45514_3_,x,0
p_i45514_4_,y,0
p_i45514_5_,width,0
p_i45514_6_,height,0
p_i45518_1_,iconIn,0
p_i45518_2_,iconMetadataIn,0
p_i45518_3_,nameIn,0
p_i45518_4_,generatorInfoIn,0
p_i45521_1_,parentIn,0
p_i45521_2_,jsonText,0
p_i45523_1_,nameIn,0
p_i45523_2_,textureIn,0
p_i45523_3_,settingsIn,0
p_i45524_1_,parentIn,0
p_i45530_1_,id,0
p_i45530_2_,caption,0
p_i45530_3_,startVisible,0
p_i45530_4_,formatter,0
p_i45530_5_,minValue,0
p_i45530_6_,maxValue,0
p_i45530_7_,initialValue,0
p_i45531_1_,id,0
p_i45531_2_,caption,0
p_i45531_3_,startVisible,0
p_i45532_1_,id,0
p_i45532_2_,caption,0
p_i45532_3_,startVisible,0
p_i45533_1_,component1,0
p_i45533_2_,component2,0
p_i45534_1_,id,0
p_i45534_2_,caption,0
p_i45534_3_,startVisible,0
p_i45534_4_,filter,0
p_i45535_1_,id,0
p_i45535_2_,caption,0
p_i45535_3_,startVisible,0
p_i45535_4_,initialValue,0
p_i45536_7_,responder,0
p_i45536_8_,pages,0
p_i45537_3_,xIn,0
p_i45537_4_,yIn,0
p_i45538_1_,buttonId,0
p_i45538_2_,x,0
p_i45538_3_,y,0
p_i45539_2_,buttonId,0
p_i45539_3_,x,0
p_i45539_4_,y,0
p_i45539_5_,localizationStrIn,0
p_i45539_6_,valueIn,0
p_i45540_2_,labelId,0
p_i45540_3_,xIn,0
p_i45540_4_,yIn,0
p_i45540_5_,widthIn,0
p_i45540_6_,heightIn,0
p_i45540_7_,colorIn,0
p_i45548_3_,renderTypeIn,2
p_i45549_1_,name,2
p_i45549_2_,format,2
p_i45550_3_,nameIn,2
p_i45550_4_,idIn,2
p_i45552_1_,hitVecIn,2
p_i45555_1_,typeIn,2
p_i45555_2_,xIn,2
p_i45555_3_,yIn,2
p_i45555_4_,rotationIn,2
p_i45556_1_,vec,2
p_i45560_1_,seed,2
p_i45560_3_,parent,2
p_i45560_4_,type,2
p_i45560_5_,jsonObj,2
p_i45561_2_,type,2
p_i45561_4_,boundingBox,2
p_i45562_2_,type,2
p_i45562_4_,boundingBox,2
p_i45563_2_,type,2
p_i45563_4_,boundingBox,2
p_i45564_2_,type,2
p_i45564_4_,boundingBox,2
p_i45565_2_,type,2
p_i45565_4_,structurebb,2
p_i45566_2_,type,2
p_i45566_4_,boundingBox,2
p_i45567_2_,type,2
p_i45567_4_,boundingBox,2
p_i45568_2_,type,2
p_i45568_4_,boundingBox,2
p_i45569_2_,type,2
p_i45569_4_,boundingBox,2
p_i45570_2_,type,2
p_i45570_4_,boundingBox,2
p_i45571_2_,type,2
p_i45571_4_,boundingBox,2
p_i45572_1_,type,2
p_i45572_2_,rand,2
p_i45572_3_,boundingBox,2
p_i45572_4_,facing,2
p_i45573_1_,type,2
p_i45573_2_,rand,2
p_i45573_3_,boundingBox,2
p_i45573_4_,facing,2
p_i45574_1_,type,2
p_i45574_2_,rand,2
p_i45574_3_,boundingBox,2
p_i45574_4_,facing,2
p_i45575_1_,type,2
p_i45575_2_,rand,2
p_i45575_3_,boundingBox,2
p_i45575_4_,facing,2
p_i45576_1_,type,2
p_i45576_2_,rand,2
p_i45576_3_,boundingBox,2
p_i45576_4_,facing,2
p_i45577_1_,type,2
p_i45577_2_,rand,2
p_i45577_3_,boundingBox,2
p_i45577_4_,facing,2
p_i45578_1_,type,2
p_i45578_2_,rand,2
p_i45578_3_,boundingBox,2
p_i45578_4_,facing,2
p_i45579_1_,type,2
p_i45579_2_,rand,2
p_i45579_3_,boundingBox,2
p_i45579_4_,facing,2
p_i45580_1_,type,2
p_i45580_2_,rand,2
p_i45580_3_,boundingBox,2
p_i45580_4_,facing,2
p_i45581_1_,type,2
p_i45581_2_,rand,2
p_i45581_3_,boundingBox,2
p_i45581_4_,facing,2
p_i45582_1_,type,2
p_i45582_2_,rand,2
p_i45582_3_,boundingBox,2
p_i45582_4_,facing,2
p_i45584_1_,index,2
p_i45585_1_,facing,2
p_i45585_2_,boundingBox,2
p_i45585_3_,mainDesign,2
p_i45586_1_,facing,2
p_i45586_2_,room,2
p_i45586_3_,rand,2
p_i45587_1_,facing,2
p_i45587_2_,room,2
p_i45587_3_,rand,2
p_i45588_1_,type,2
p_i45589_1_,facing,2
p_i45589_2_,boundingBox,2
p_i45590_1_,type,2
p_i45590_2_,facing,2
p_i45590_3_,room,2
p_i45590_4_,chunkX,2
p_i45590_5_,chunkY,2
p_i45590_6_,chunkZ,2
p_i45591_1_,facing,2
p_i45591_2_,boundingBox,2
p_i45592_1_,facing,2
p_i45592_2_,room,2
p_i45593_1_,facing,2
p_i45593_2_,room,2
p_i45593_3_,rand,2
p_i45594_1_,facing,2
p_i45594_2_,room,2
p_i45594_3_,rand,2
p_i45595_1_,facing,2
p_i45595_2_,room,2
p_i45595_3_,rand,2
p_i45596_1_,facing,2
p_i45596_2_,room,2
p_i45596_3_,rand,2
p_i45597_1_,facing,2
p_i45597_2_,room,2
p_i45597_3_,rand,2
p_i45598_1_,facing,2
p_i45598_2_,room,2
p_i45598_3_,rand,2
p_i45599_1_,rand,2
p_i45599_2_,chunkX,2
p_i45599_3_,chunkZ,2
p_i45599_4_,facing,2
p_i45607_2_,random,2
p_i45607_3_,chunkX,2
p_i45607_4_,chunkZ,2
p_i45608_1_,entryMap,2
p_i45609_1_,type,2
p_i45609_2_,rand,2
p_i45609_3_,boundingBox,2
p_i45609_4_,facing,2
p_i45610_1_,type,2
p_i45610_2_,rand,2
p_i45610_3_,boundingBox,2
p_i45610_4_,facing,2
p_i45611_1_,type,2
p_i45611_2_,rand,2
p_i45611_3_,boundingBox,2
p_i45611_4_,facing,2
p_i45612_1_,type,2
p_i45612_2_,rand,2
p_i45612_3_,boundingBox,2
p_i45612_4_,facing,2
p_i45613_1_,type,2
p_i45613_2_,rand,2
p_i45613_3_,boundingBox,2
p_i45613_4_,facing,2
p_i45614_1_,type,2
p_i45614_2_,rand,2
p_i45614_3_,boundingBox,2
p_i45614_4_,facing,2
p_i45615_1_,type,2
p_i45615_2_,rand,2
p_i45615_3_,boundingBox,2
p_i45615_4_,facing,2
p_i45616_1_,type,2
p_i45616_2_,rand,2
p_i45616_3_,boundingBox,2
p_i45616_4_,facing,2
p_i45617_1_,type,2
p_i45617_2_,rand,2
p_i45617_3_,boundingBox,2
p_i45617_4_,facing,2
p_i45618_1_,type,2
p_i45618_2_,rand,2
p_i45618_3_,boundingBox,2
p_i45618_4_,facing,2
p_i45619_1_,type,2
p_i45619_2_,rand,2
p_i45619_3_,boundingBox,2
p_i45619_4_,facing,2
p_i45620_1_,type,2
p_i45620_2_,rand,2
p_i45620_3_,boundingBox,2
p_i45620_4_,facing,2
p_i45621_1_,type,2
p_i45621_2_,rand,2
p_i45621_3_,boundingBox,2
p_i45621_4_,facing,2
p_i45622_1_,type,2
p_i45622_2_,rand,2
p_i45622_3_,boundingBox,2
p_i45622_4_,facing,2
p_i45627_1_,version,2
p_i45628_1_,version,2
p_i45628_2_,height,2
p_i45628_3_,layerMaterialIn,2
p_i45628_4_,meta,2
p_i45629_1_,type,2
p_i45631_3_,predicate,2
p_i45632_1_,flowerIn,2
p_i45632_2_,type,2
p_i45633_1_,blockIn,2
p_i45634_1_,itemList,2
p_i45634_2_,itemsBonusChest,2
p_i45635_1_,pos,2
p_i45635_2_,branchBase,2
p_i45637_2_,featuresState,2
p_i45669_1_,colorsIn,2
p_i45694_2_,pos,2
p_i45694_3_,axis,2
p_i45756_4_,eventParameterIn,2
p_i45761_1_,enchID,2
p_i45761_2_,enchName,2
p_i45761_3_,enchWeight,2
p_i45762_1_,enchID,2
p_i45762_2_,enchName,2
p_i45762_3_,enchWeight,2
p_i45763_1_,enchID,2
p_i45763_2_,enchName,2
p_i45763_3_,enchWeight,2
p_i45764_1_,enchID,2
p_i45764_2_,enchName,2
p_i45764_3_,enchWeight,2
p_i45765_1_,enchID,2
p_i45765_2_,enchName,2
p_i45765_3_,enchWeight,2
p_i45765_4_,protectionType,2
p_i45766_2_,enchName,2
p_i45766_3_,enchWeight,2
p_i45767_1_,enchID,2
p_i45767_2_,enchName,2
p_i45767_3_,enchWeight,2
p_i45767_4_,enchType,2
p_i45768_1_,enchID,2
p_i45768_2_,enchName,2
p_i45768_3_,enchWeight,2
p_i45790_3_,inventoryIn,2
p_i45810_1_,min,2
p_i45810_2_,max,2
p_i45813_1_,buyItem,2
p_i45813_2_,buyPrice,2
p_i45813_3_,sellItem,2
p_i45813_4_,sellPrice,2
p_i45814_1_,enchantItem,2
p_i45814_2_,price,2
p_i45817_1_,customerIn,0
p_i45817_2_,nameIn,0
p_i45828_1_,zombie,2
p_i45829_1_,zombie,2
p_i45841_1_,endermanIn,2
p_i45842_1_,endermanIn,2
p_i45843_1_,enderman,2
p_i45846_1_,blazeIn,2
p_i45852_2_,pos,2
p_i45852_3_,facing,2
p_i45858_4_,checkSight,2
p_i45858_5_,onlyNearby,2
p_i45858_6_,targetSelector,2
p_i45859_1_,squid,2
p_i45866_4_,jumpMotion,2
p_i45866_6_,jumpDuration,2
p_i45871_2_,deltaX,2
p_i45871_3_,deltaZ,2
p_i45871_4_,timestamp,2
p_i45884_2_,clazz,2
p_i45891_1_,parentIn,2
p_i45892_1_,parentIn,2
p_i45910_1_,statPrefix,2
p_i45910_2_,blockName,2
p_i45910_4_,item,2
p_i45928_1_,unused,2
p_i45973_1_,entityId,2
p_i45973_2_,posX,2
p_i45973_3_,posY,2
p_i45973_4_,posZ,2
p_i45973_5_,yaw,2
p_i45973_6_,pitch,2
p_i45973_7_,onGround,2
p_i45984_2_,pos,2
p_i45985_2_,pos,2
p_i45992_3_,flag,2
p_i45993_9_,flags,2
p_i46011_5_,shouldIgnoreRangeIn,2
p_i46012_5_,shouldIgnoreRangeIn,2
p_i46035_1_,message,2
p_i46035_2_,args,2
p_i46051_1_,resultIn,2
p_i46051_3_,amountIn,2
p_i46051_5_,relative,2
p_i46072_1_,model,0
p_i46072_2_,weight,0
p_i46073_1_,modelsIn,0
p_i46078_1_,unused,0
p_i46078_2_,resourceName,0
p_i46079_1_,pathIn,0
p_i46080_1_,location,0
p_i46080_2_,variantIn,0
p_i46081_1_,location,0
p_i46081_2_,variantIn,0
p_i46085_1_,resourceManagerIn,0
p_i46085_2_,textureMapIn,0
p_i46085_3_,blockModelShapesIn,0
p_i46086_1_,transforms,0
p_i46087_3_,x,0
p_i46087_4_,y,0
p_i46088_1_,animationFramesIn,0
p_i46088_2_,frameWidthIn,0
p_i46088_3_,frameHeightIn,0
p_i46088_4_,frameTimeIn,0
p_i46088_5_,interpolateIn,0
p_i46093_1_,inputStream,0
p_i46099_1_,basePathIn,0
p_i46100_1_,basePathIn,0
p_i46101_2_,listTextures,0
p_i46101_3_,dyeColors,0
p_i46120_1_,renderer,0
p_i46124_1_,rendererIn,0
p_i46137_2_,itemIn,0
p_i46137_3_,itemRendererIn,0
p_i46167_2_,itemRendererIn,0
p_i46169_4_,scale,0
p_i46195_1_,manager,0
p_i46196_1_,clippingHelperIn,0
p_i46201_1_,chunkRenderDispatcherIn,0
p_i46215_4_,xOffsetIn,0
p_i46215_5_,yOffsetIn,0
p_i46216_2_,minIn,0
p_i46216_3_,maxIn,0
p_i46221_1_,variantsList,0
p_i46222_1_,definitions,0
p_i46223_1_,modelIn,0
p_i46233_3_,facingIn,0
p_i46233_4_,flip,0
p_i46234_3_,vert0In,0
p_i46234_4_,vert1In,0
p_i46234_5_,vert2In,0
p_i46234_6_,vert3In,0
p_i46235_1_,manager,0
p_i46236_3_,cornersIn,0
p_i46236_4_,brightness,0
p_i46236_5_,doNonCubicWeightIn,0
p_i46236_6_,vert0WeightsIn,0
p_i46236_7_,vert1WeightsIn,0
p_i46236_8_,vert2WeightsIn,0
p_i46236_9_,vert3WeightsIn,0
p_i46246_3_,renderGlobalIn,0
p_i46254_1_,coordIn,0
p_i46254_2_,capabilityIn,0
p_i46279_2_,entity,0
p_i46284_10_,ySpeed,0
p_i46284_12_,zSpeed,0
p_i46284_8_,xSpeed,0
p_i46285_10_,ySpeed,0
p_i46285_12_,zSpeed,0
p_i46285_14_,scale,0
p_i46285_8_,xSpeed,0
p_i46286_2_,x,0
p_i46286_4_,y,0
p_i46286_6_,z,0
p_i46286_8_,item,0
p_i46294_1_,profile,0
p_i46295_1_,playerData,0
p_i46300_2_,previousGuiScreen,0
p_i46300_3_,networkManagerIn,0
p_i46300_4_,profileIn,0
p_i46301_10_,delta,0
p_i46301_11_,mirror,0
p_i46301_4_,x,0
p_i46301_5_,y,0
p_i46301_6_,z,0
p_i46301_7_,dx,0
p_i46301_8_,dy,0
p_i46301_9_,dz,0
p_i46302_1_,scale,0
p_i46303_1_,modelSize,0
p_i46303_2_,smallArms,0
p_i46304_1_,modelSize,0
p_i46304_2_,smallArmsIn,0
p_i46305_1_,scale,0
p_i46306_1_,modelSize,0
p_i46313_2_,slot,0
p_i46313_3_,index,0
p_i46316_1_,buttonId,0
p_i46316_2_,x,0
p_i46316_3_,y,0
p_i46316_4_,isForwardIn,0
p_i46318_1_,parent,0
p_i46319_1_,titleIn,0
p_i46319_2_,messageIn,0
p_i46320_1_,parent,0
p_i46347_10_,ySpeed,0
p_i46347_12_,zSpeed,0
p_i46347_8_,xSpeed,0
p_i46348_10_,ySpeed,0
p_i46348_12_,zSpeed,0
p_i46348_14_,scale,0
p_i46348_8_,xSpeed,0
p_i46349_10_,zSpeed,0
p_i46349_8_,xSpeed,0
p_i46349_9_,ySpeed,0
p_i46350_10_,green,0
p_i46350_11_,blue,0
p_i46350_8_,scale,0
p_i46350_9_,red,0
p_i46353_10_,ySpeed,0
p_i46353_12_,zSpeed,0
p_i46353_8_,xSpeed,0
p_i46354_10_,ySpeed,0
p_i46354_12_,zSpeed,0
p_i46354_8_,xSpeed,0
p_i46359_10_,delta,0
p_i46359_2_,texU,0
p_i46359_3_,texV,0
p_i46359_4_,x,0
p_i46359_5_,y,0
p_i46359_6_,z,0
p_i46359_7_,dx,0
p_i46359_8_,dy,0
p_i46359_9_,dz,0
p_i46360_1_,scale,0
p_i46361_1_,scale,0
p_i46362_1_,scale,0
p_i46362_2_,deltaPointY,0
p_i46365_1_,x,0
p_i46365_2_,y,0
p_i46365_3_,width,0
p_i46365_4_,height,0
p_i46366_1_,scale,0
p_i46377_1_,vec3i,2
p_i46378_5_,widthIn,2
p_i46378_6_,heightIn,2
p_i46378_7_,depthIn,2
p_i46379_1_,materialIn,2
p_i46379_2_,maxWeightIn,2
p_i46380_1_,materialIn,2
p_i46380_2_,maxWeightIn,2
p_i46380_3_,color,2
p_i46381_3_,meta,2
p_i46381_4_,mapColor,2
p_i46381_5_,name,2
p_i46382_3_,meta,2
p_i46382_4_,mapColor,2
p_i46382_5_,name,2
p_i46382_6_,unlocalizedName,2
p_i46383_3_,meta,2
p_i46383_4_,mapColor,2
p_i46383_5_,name,2
p_i46384_3_,meta,2
p_i46384_4_,mapColor,2
p_i46384_5_,name,2
p_i46384_6_,unlocalizedName,2
p_i46385_1_,materialIn,2
p_i46385_2_,color,2
p_i46386_1_,materialIn,2
p_i46386_2_,color,2
p_i46388_3_,metaIn,2
p_i46388_4_,nameIn,2
p_i46388_5_,mapColorIn,2
p_i46389_3_,metaIn,2
p_i46389_4_,nameIn,2
p_i46389_5_,unlocalizedNameIn,2
p_i46389_6_,mapColorIn,2
p_i46390_1_,color,2
p_i46391_3_,meta,2
p_i46391_4_,name,2
p_i46391_5_,mapColor,2
p_i46392_1_,materialIn,2
p_i46392_2_,color,2
p_i46392_3_,smallBlockIn,2
p_i46393_1_,materialIn,2
p_i46393_2_,ignoreSimilarityIn,2
p_i46393_3_,mapColorIn,2
p_i46394_1_,type,2
p_i46395_1_,materialIn,2
p_i46395_2_,mapColorIn,2
p_i46396_3_,metadataIn,2
p_i46396_4_,nameIn,2
p_i46396_5_,color,2
p_i46397_3_,metadataIn,2
p_i46397_4_,nameIn,2
p_i46397_5_,unlocalizedNameIn,2
p_i46398_1_,materialIn,2
p_i46398_2_,mapColor,2
p_i46401_1_,materialIn,2
p_i46401_2_,mapColorIn,2
p_i46402_1_,materialIn,2
p_i46402_2_,color,2
p_i46403_2_,classToAvoid,2
p_i46403_3_,avoidDistance,2
p_i46403_4_,farSpeed,2
p_i46403_6_,nearSpeed,2
p_i46413_1_,matrix,0
p_i46445_1_,minecraftClient,0
p_i46446_1_,notify,2
p_i46446_2_,minTreeHeightIn,2
p_i46446_3_,woodMeta,2
p_i46446_4_,leavesMeta,2
p_i46446_5_,growVines,2
p_i46447_1_,notify,2
p_i46447_2_,baseHeightIn,2
p_i46447_3_,extraRandomHeightIn,2
p_i46447_4_,woodMetadataIn,2
p_i46447_5_,leavesMetadataIn,2
p_i46448_1_,notify,2
p_i46448_2_,baseHeightIn,2
p_i46448_3_,extraRandomHeightIn,2
p_i46448_4_,woodMetadataIn,2
p_i46448_5_,leavesMetadataIn,2
p_i46449_1_,block,2
p_i46450_1_,woodMetadata,2
p_i46450_2_,leavesMetadata,2
p_i46451_3_,forceLoadIn,2
p_i46452_1_,materialIn,2
p_i46452_2_,mapColorIn,2
p_i46460_2_,forceLoadIn,2
p_i46464_10_,ySpeed,0
p_i46464_12_,zSpeed,0
p_i46464_14_,renderer,0
p_i46464_15_,tag,0
p_i46464_1_,worldIn,0
p_i46464_2_,x,0
p_i46464_4_,y,0
p_i46464_6_,z,0
p_i46464_8_,xSpeed,0
p_i46465_10_,ySpeed,0
p_i46465_12_,zSpeed,0
p_i46465_14_,renderer,0
p_i46465_1_,worldIn,0
p_i46465_2_,x,0
p_i46465_4_,y,0
p_i46465_6_,z,0
p_i46465_8_,xSpeed,0
p_i46466_1_,worldIn,0
p_i46466_2_,x,0
p_i46466_4_,y,0
p_i46466_6_,z,0
p_i4_1_,countBuilders,0
p_i5_1_,basePath,0
p_i5_2_,skipFirst,0
p_i6_1_,bashPath,0
p_i6_2_,iconCreator,0
p_i6_3_,skipFirst,0
p_i7_1_,iconName,0
p_i7_2_,spriteSingle,0
